{
"type": "FeatureCollection",
"name": "Stadtteile_Bremerhaven",
"crs": { "type": "name", "properties": { "name": "urn:ogc:def:crs:EPSG::25832" } },
"features": [
{ "type": "Feature", "properties": { "BEZ_BL": "Bremen", "SCH_BL": "04000000", "BEZ_KS": "Bremerhaven", "SCH_KS": "04012000", "BEZ_SB": "Bremerhaven-Nord", "SCH_SB": "04012100", "BEZ_ST": "Weddewarden", "SCH_ST": "04012110", "SCH_ST_AGS": "040120000110", "FLAECHE": "8.492697010424912" }, "geometry": { "type": "MultiPolygon", "coordinates": [ [ [ [ 469267.059999999590218, 5939897.939999999478459 ], [ 469325.330000000074506, 5939876.400000000372529 ], [ 469325.832000000402331, 5939877.773 ], [ 469449.599999999627471, 5939836.910000000149012 ], [ 469638.950000000186265, 5939769.130000000819564 ], [ 469658.21999999973923, 5939763.349999999627471 ], [ 469667.650000000372529, 5939760.029999999329448 ], [ 469677.790000000037253, 5939756.570000000298023 ], [ 469693.593000000342727, 5939751.165999999269843 ], [ 469700.989000000059605, 5939748.579 ], [ 469744.339999999850988, 5939733.179999999701977 ], [ 469778.75, 5939719.179999999701977 ], [ 469817.589999999850988, 5939707.269999999552965 ], [ 469882.040000000037253, 5939684.699999999254942 ], [ 469942.059999999590218, 5939661.96000000089407 ], [ 470041.660000000149012, 5939628.699999999254942 ], [ 470082.820000000298023, 5939612.869999999180436 ], [ 470134.53000000026077, 5939594.720000000670552 ], [ 470161.169999999925494, 5939585.359999999403954 ], [ 470202.299999999813735, 5939571.949999999254942 ], [ 470282.929999999701977, 5939544.339999999850988 ], [ 470361.660000000149012, 5939516.33 ], [ 470394.910000000149012, 5939504.730000000447035 ], [ 470429.299999999813735, 5939493.279999999329448 ], [ 470442.549999999813735, 5939488.720000000670552 ], [ 470451.976999999955297, 5939482.261 ], [ 470464.21100000012666, 5939474.245999999344349 ], [ 470473.885999999940395, 5939468.50899999961257 ], [ 470477.142, 5939467.152000000700355 ], [ 470481.309000000357628, 5939465.414000000804663 ], [ 470486.63300000037998, 5939463.214999999850988 ], [ 470494.882000000216067, 5939460.176000000908971 ], [ 470506.169999999925494, 5939458.873999999836087 ], [ 470523.100999999791384, 5939460.610999999567866 ], [ 470536.126000000163913, 5939461.696000000461936 ], [ 470541.986999999731779, 5939461.696000000461936 ], [ 470550.235000000335276, 5939459.308000000193715 ], [ 470580.190999999642372, 5939444.981000000610948 ], [ 470595.820000000298023, 5939439.989 ], [ 470610.146999999880791, 5939438.035000000149012 ], [ 470633.808000000193715, 5939433.041999999433756 ], [ 470670.709999999962747, 5939419.801000000908971 ], [ 470693.247000000439584, 5939410.280999999493361 ], [ 470700.46999999973923, 5939406.868000000715256 ], [ 470705.233, 5939406.392000000923872 ], [ 470716.040000000037253, 5939407.839999999850988 ], [ 470713.044999999925494, 5939401.871999999508262 ], [ 470708.321000000461936, 5939392.460999999195337 ], [ 470678.009999999776483, 5939348.150000000372529 ], [ 470637.519999999552965, 5939295.359999999403954 ], [ 470613.115000000223517, 5939259.112999999895692 ], [ 470609.052000000141561, 5939256.484999999403954 ], [ 470594.186999999918044, 5939236.459000000730157 ], [ 470554.94400000013411, 5939183.592000000178814 ], [ 470548.225999999791384, 5939172.597999999299645 ], [ 470503.339999999850988, 5939127.560000000521541 ], [ 470461.269999999552965, 5939105.130000000819564 ], [ 470438.490000000223517, 5939087.279999999329448 ], [ 470406.040000000037253, 5939054.439999999478459 ], [ 470374.589999999850988, 5939007.640000000596046 ], [ 470349.019999999552965, 5938948.67 ], [ 470341.349999999627471, 5938920.009999999776483 ], [ 470335.990000000223517, 5938869.679999999701977 ], [ 470338.080000000074506, 5938805.939999999478459 ], [ 470373.28000000026077, 5938413.810000000521541 ], [ 470375.790000000037253, 5938400.869999999180436 ], [ 470396.78000000026077, 5938153.220000000670552 ], [ 470401.290000000037253, 5938144.810000000521541 ], [ 470399.830000000074506, 5938142.609999999403954 ], [ 470401.790000000037253, 5938140.25 ], [ 470403.669999999925494, 5938131.150000000372529 ], [ 470402.688000000081956, 5938119.060000000521541 ], [ 470400.259999999776483, 5938088.349999999627471 ], [ 470417.588999999687076, 5938085.642000000923872 ], [ 470535.950000000186265, 5938048.67 ], [ 470644.490000000223517, 5938009.939999999478459 ], [ 470699.509999999776483, 5937990.391000000759959 ], [ 470753.412999999709427, 5937970.434000000357628 ], [ 470768.160000000149012, 5937960.21000000089407 ], [ 470822.535000000149012, 5937942.983999999240041 ], [ 471005.061999999918044, 5937870.48200000077486 ], [ 471012.373999999836087, 5937867.576999999582767 ], [ 471025.438000000081956, 5937858.18099999986589 ], [ 471031.225999999791384, 5937854.017000000923872 ], [ 471062.314000000245869, 5937839.796 ], [ 471084.561999999918044, 5937833.523 ], [ 471115.24199999962002, 5937828.371999999508262 ], [ 471204.259999999776483, 5937799.369999999180436 ], [ 471227.339999999850988, 5937789.949999999254942 ], [ 471273.536999999545515, 5937771.481000000610948 ], [ 471314.75, 5937748.449999999254942 ], [ 471340.436999999918044, 5937731.496999999508262 ], [ 471360.135999999940395, 5937716.674000000581145 ], [ 471383.150999999605119, 5937696.584000000730157 ], [ 471412.407999999821186, 5937666.352 ], [ 471429.376000000163913, 5937643.531999999657273 ], [ 471441.049999999813735, 5937625.5 ], [ 471460.973000000230968, 5937585.605000000447035 ], [ 471472.480999999679625, 5937552.252000000327826 ], [ 471484.574000000022352, 5937505.637000000104308 ], [ 471493.166000000201166, 5937460.085999999195337 ], [ 471499.139999999664724, 5937428.42 ], [ 471515.940000000409782, 5937362.019999999552965 ], [ 471532.21999999973923, 5937308.150000000372529 ], [ 471554.820000000298023, 5937252.640000000596046 ], [ 471584.389999999664724, 5937195.230000000447035 ], [ 471603.839999999850988, 5937164.099999999627471 ], [ 471572.709999999962747, 5937142.550000000745058 ], [ 471549.330000000074506, 5937174.759999999776483 ], [ 471537.759999999776483, 5937166.949999999254942 ], [ 471442.769999999552965, 5937195.050000000745058 ], [ 471394.339999999850988, 5937209.259999999776483 ], [ 471318.330000000074506, 5937231.75 ], [ 471263.370000000111759, 5937247.910000000149012 ], [ 471239.240000000223517, 5937254.480000000447035 ], [ 471227.910000000149012, 5937258.21000000089407 ], [ 471204.370000000111759, 5937264.070000000298023 ], [ 471204.360000000335276, 5937251.990000000223517 ], [ 471198.75, 5937234.810000000521541 ], [ 471165.150000000372529, 5937107.900000000372529 ], [ 471140.889999999664724, 5937016.03999999910593 ], [ 471137.25, 5937017.21000000089407 ], [ 470945.599999999627471, 5937067.5 ], [ 470057.898000000044703, 5937302.447000000625849 ], [ 470052.269999999552965, 5937301.155999999493361 ], [ 470044.332000000402331, 5937302.426000000908971 ], [ 470034.950000000186265, 5937308.519999999552965 ], [ 470029.070000000298023, 5937321.853000000119209 ], [ 470025.122000000439584, 5937330.486999999731779 ], [ 470011.799999999813735, 5937358.410000000149012 ], [ 469779.540000000037253, 5937836.519999999552965 ], [ 469667.690000000409782, 5938064.910000000149012 ], [ 469551.207000000402331, 5938284.746999999508262 ], [ 469520.063000000081956, 5938345.007999999448657 ], [ 469518.367999999783933, 5938359.549000000581145 ], [ 469518.178000000305474, 5938377.039000000804663 ], [ 469521.790000000037253, 5938404.035000000149012 ], [ 469529.584999999962747, 5938431.790999999269843 ], [ 469536.753999999724329, 5938441.665999999269843 ], [ 469546.240000000223517, 5938463.109999999403954 ], [ 469575.839999999850988, 5938525.03999999910593 ], [ 469605.660000000149012, 5938583.660000000149012 ], [ 469629.700000000186265, 5938626.92 ], [ 469705.162999999709427, 5938779.792999999597669 ], [ 469676.230000000447035, 5938795.387000000104308 ], [ 469651.30599999986589, 5938797.76799999922514 ], [ 469639.796000000089407, 5938797.053999999538064 ], [ 469626.064000000245869, 5938793.403000000864267 ], [ 469605.506000000052154, 5938783.560000000521541 ], [ 469595.029000000096858, 5938776.177999999374151 ], [ 469581.535000000149012, 5938761.33500000089407 ], [ 469568.96999999973923, 5938735.371999999508262 ], [ 469559.839999999850988, 5938738.481000000610948 ], [ 469545.885999999940395, 5938742.975999999791384 ], [ 469554.934999999590218, 5938763.614 ], [ 469562.872000000439584, 5938776.948999999091029 ], [ 469574.936999999918044, 5938792.188999999314547 ], [ 469593.353000000119209, 5938807.746999999508262 ], [ 469599.504999999888241, 5938816.99100000038743 ], [ 469602.052000000141561, 5938826.204 ], [ 469602.264000000432134, 5938830.494999999180436 ], [ 469601.734000000171363, 5938833.992000000551343 ], [ 469601.839999999850988, 5938835.899000000208616 ], [ 469600.673999999649823, 5938838.653999999165535 ], [ 469598.608, 5938841.779999999329448 ], [ 469596.012000000104308, 5938844.269999999552965 ], [ 469536.63399999961257, 5938884.332000000402331 ], [ 469490.675999999977648, 5938900.048000000417233 ], [ 469485.436999999918044, 5938904.810000000521541 ], [ 469455.86699999962002, 5938913.731000000610948 ], [ 469390.299999999813735, 5938941.939999999478459 ], [ 469383.810999999754131, 5938927.398 ], [ 469370.080000000074506, 5938894.060000000521541 ], [ 469336.929999999701977, 5938827.160000000149012 ], [ 469306.78000000026077, 5938783.630000000819564 ], [ 469276.0, 5938754.199999999254942 ], [ 469234.110000000335276, 5938724.42 ], [ 469013.0, 5938570.990000000223517 ], [ 469004.302000000141561, 5938565.414000000804663 ], [ 468957.49199999962002, 5938534.118000000715256 ], [ 468740.870000000111759, 5938389.490000000223517 ], [ 468435.298000000417233, 5938177.860999999567866 ], [ 468378.790000000037253, 5938137.764000000432134 ], [ 468354.860000000335276, 5938120.237999999895692 ], [ 469542.205000000074506, 5935979.054999999701977 ], [ 469660.21999999973923, 5935765.753000000491738 ], [ 469714.848000000230968, 5935666.684000000357628 ], [ 469787.417000000365078, 5935535.821000000461936 ], [ 469792.808000000193715, 5935525.860999999567866 ], [ 469113.343000000342727, 5935345.346000000834465 ], [ 469112.525000000372529, 5935346.789000000804663 ], [ 469072.92200000025332, 5935416.587999999523163 ], [ 469029.127000000327826, 5935493.770999999716878 ], [ 468935.980999999679625, 5935655.144999999552965 ], [ 468909.673000000417233, 5935700.024000000208616 ], [ 468772.945000000298023, 5935934.687999999150634 ], [ 468691.759999999776483, 5936072.679999999701977 ], [ 468502.535000000149012, 5936399.137000000104308 ], [ 468498.010999999940395, 5936406.89299999922514 ], [ 468472.625, 5936450.418999999761581 ], [ 468455.480000000447035, 5936479.815999999642372 ], [ 468446.213999999687076, 5936493.875 ], [ 468387.706000000238419, 5936584.38399999961257 ], [ 468327.001000000163913, 5936677.640000000596046 ], [ 468121.791000000201166, 5936991.967000000178814 ], [ 468073.588999999687076, 5937066.237999999895692 ], [ 468022.669999999925494, 5937144.507999999448657 ], [ 467916.55599999986589, 5937307.621999999508262 ], [ 467779.481999999843538, 5937514.389000000432134 ], [ 467649.523000000044703, 5937718.539000000804663 ], [ 467601.824000000022352, 5937791.57799999974668 ], [ 467593.870000000111759, 5937803.757999999448657 ], [ 467541.997000000439584, 5937883.187999999150634 ], [ 467436.565999999642372, 5938034.679999999701977 ], [ 467410.546000000089407, 5938083.778999999165535 ], [ 467373.479000000283122, 5938153.721999999135733 ], [ 467367.267, 5938165.44400000013411 ], [ 467338.358, 5938223.263000000268221 ], [ 467307.072999999858439, 5938285.831000000238419 ], [ 467287.716000000014901, 5938324.546 ], [ 467253.019999999552965, 5938393.937000000849366 ], [ 467175.735999999567866, 5938541.786000000312924 ], [ 467150.309999999590218, 5938592.637000000104308 ], [ 467125.332999999634922, 5938642.591 ], [ 467111.995000000111759, 5938657.529999999329448 ], [ 467062.902999999932945, 5938705.808000000193715 ], [ 466983.661000000312924, 5938801.263000000268221 ], [ 466957.322999999858439, 5938830.762000000104308 ], [ 466872.593999999575317, 5938926.856000000610948 ], [ 466843.076999999582767, 5938968.529999999329448 ], [ 466623.040000000037253, 5939141.809000000357628 ], [ 466574.262000000104308, 5939180.221999999135733 ], [ 466453.294999999925494, 5939281.028000000864267 ], [ 466409.575000000186265, 5939346.847999999299645 ], [ 466451.156000000424683, 5939356.876000000163913 ], [ 466518.131000000052154, 5939373.028999999165535 ], [ 466556.128999999724329, 5939382.763000000268221 ], [ 466561.17200000025332, 5939384.054999999701977 ], [ 466818.084999999962747, 5939450.507999999448657 ], [ 467078.190000000409782, 5939522.019999999552965 ], [ 467224.24199999962002, 5939558.006999999284744 ], [ 467396.580000000074506, 5939600.470000000670552 ], [ 467398.706000000238419, 5939600.990000000223517 ], [ 467503.007000000216067, 5939626.509999999776483 ], [ 467683.709999999962747, 5939672.410000000149012 ], [ 467794.736999999731779, 5939699.886 ], [ 468044.775000000372529, 5939762.024000000208616 ], [ 468273.870000000111759, 5939821.029999999329448 ], [ 468325.678999999538064, 5939834.08500000089407 ], [ 468369.657999999821186, 5939845.165999999269843 ], [ 468379.160000000149012, 5939847.560000000521541 ], [ 468389.540000000037253, 5939850.009999999776483 ], [ 468414.610000000335276, 5939854.890000000596046 ], [ 468414.379999999888241, 5939849.810000000521541 ], [ 468419.137000000104308, 5939851.144999999552965 ], [ 468424.489000000059605, 5939852.652000000700355 ], [ 468426.951000000350177, 5939853.349999999627471 ], [ 468446.92200000025332, 5939859.492000000551343 ], [ 468448.896999999880791, 5939852.091 ], [ 468452.389000000432134, 5939839.003000000491738 ], [ 468454.406999999657273, 5939833.199999999254942 ], [ 468453.019999999552965, 5939793.591 ], [ 468455.138000000268221, 5939763.890000000596046 ], [ 468460.165000000037253, 5939733.992000000551343 ], [ 468465.309999999590218, 5939721.400000000372529 ], [ 468496.78000000026077, 5939680.21000000089407 ], [ 468532.490000000223517, 5939633.849999999627471 ], [ 468567.089999999850988, 5939579.480000000447035 ], [ 468606.862999999895692, 5939517.644999999552965 ], [ 468613.290000000037253, 5939530.820000000298023 ], [ 468625.690000000409782, 5939559.929999999701977 ], [ 468646.979000000283122, 5939606.282999999821186 ], [ 468649.879999999888241, 5939612.599999999627471 ], [ 468676.03000000026077, 5939670.240000000223517 ], [ 468691.349999999627471, 5939704.699999999254942 ], [ 468716.709999999962747, 5939752.300000000745058 ], [ 468742.450000000186265, 5939758.171 ], [ 468744.730000000447035, 5939758.689999999478459 ], [ 468772.96999999973923, 5939748.240000000223517 ], [ 468832.259999999776483, 5939726.83 ], [ 468993.080000000074506, 5939668.33 ], [ 469037.980000000447035, 5939652.400000000372529 ], [ 469163.049999999813735, 5939606.71000000089407 ], [ 469166.990000000223517, 5939605.339999999850988 ], [ 469214.899000000208616, 5939771.656999999657273 ], [ 469217.610000000335276, 5939781.060000000521541 ], [ 469249.781000000424683, 5939894.037000000476837 ], [ 469251.362999999895692, 5939897.92 ], [ 469252.767, 5939901.368000000715256 ], [ 469260.098000000230968, 5939899.56900000013411 ], [ 469267.059999999590218, 5939897.939999999478459 ] ] ] ] } },
{ "type": "Feature", "properties": { "BEZ_BL": "Bremen", "SCH_BL": "04000000", "BEZ_KS": "Bremerhaven", "SCH_KS": "04012000", "BEZ_SB": "Bremerhaven-Nord", "SCH_SB": "04012100", "BEZ_ST": "Leherheide", "SCH_ST": "04012120", "SCH_ST_AGS": "040120000120", "FLAECHE": "6.449654367927719" }, "geometry": { "type": "MultiPolygon", "coordinates": [ [ [ [ 476669.024000000208616, 5940206.595000000670552 ], [ 476668.593000000342727, 5940203.302999999374151 ], [ 476665.90500000026077, 5940192.904999999329448 ], [ 476672.292000000365078, 5940191.634999999776483 ], [ 476710.429999999701977, 5940190.800000000745058 ], [ 476810.980000000447035, 5940189.529999999329448 ], [ 476865.830000000074506, 5940191.980000000447035 ], [ 476945.440000000409782, 5940196.199999999254942 ], [ 476955.25, 5940197.08 ], [ 476962.070000000298023, 5940197.699999999254942 ], [ 476986.049999999813735, 5940050.630000000819564 ], [ 476988.929999999701977, 5940028.03999999910593 ], [ 476997.963999999687076, 5940028.665999999269843 ], [ 477068.03000000026077, 5940033.519999999552965 ], [ 477067.080000000074506, 5939999.269999999552965 ], [ 477186.540000000037253, 5939999.119999999180436 ], [ 477192.790000000037253, 5940011.029999999329448 ], [ 477202.070000000298023, 5940019.650000000372529 ], [ 477229.150000000372529, 5940037.630000000819564 ], [ 477240.240000000223517, 5940064.509999999776483 ], [ 477250.179999999701977, 5940082.640000000596046 ], [ 477255.759999999776483, 5940083.140000000596046 ], [ 477271.870000000111759, 5940077.53999999910593 ], [ 477295.990000000223517, 5940075.599999999627471 ], [ 477304.259999999776483, 5940082.320000000298023 ], [ 477334.240000000223517, 5940099.910000000149012 ], [ 477359.400000000372529, 5940112.949999999254942 ], [ 477369.700000000186265, 5940117.509999999776483 ], [ 477376.769999999552965, 5940091.869999999180436 ], [ 477344.480000000447035, 5940071.359999999403954 ], [ 477330.509999999776483, 5940063.759999999776483 ], [ 477303.299999999813735, 5940041.849999999627471 ], [ 477299.959999999962747, 5940022.070000000298023 ], [ 477299.28000000026077, 5939995.800000000745058 ], [ 477300.240000000223517, 5939967.759999999776483 ], [ 477304.089999999850988, 5939966.740000000223517 ], [ 477362.599999999627471, 5939968.349999999627471 ], [ 477366.787999999709427, 5939968.464999999850988 ], [ 477388.019999999552965, 5939969.050000000745058 ], [ 477396.620000000111759, 5939970.130000000819564 ], [ 477404.46999999973923, 5939970.189999999478459 ], [ 477425.849999999627471, 5939971.390000000596046 ], [ 477429.240000000223517, 5939971.58 ], [ 477448.150000000372529, 5939972.640000000596046 ], [ 477442.139999999664724, 5939948.28999999910593 ], [ 477438.980000000447035, 5939946.859999999403954 ], [ 477419.78000000026077, 5939938.179999999701977 ], [ 477408.958999999798834, 5939933.621999999508262 ], [ 477382.446999999694526, 5939922.455 ], [ 477373.525000000372529, 5939904.611999999731779 ], [ 477372.31900000013411, 5939877.122999999672174 ], [ 477380.867999999783933, 5939875.46000000089407 ], [ 477384.360000000335276, 5939874.779999999329448 ], [ 477408.023000000044703, 5939871.921 ], [ 477414.070000000298023, 5939871.189999999478459 ], [ 477411.410000000149012, 5939846.839999999850988 ], [ 477401.929999999701977, 5939760.199999999254942 ], [ 477380.419999999925494, 5939730.029999999329448 ], [ 477376.209999999962747, 5939722.679999999701977 ], [ 477373.269999999552965, 5939711.269999999552965 ], [ 477372.5, 5939707.21000000089407 ], [ 477366.627000000327826, 5939707.036000000312924 ], [ 477347.003999999724329, 5939706.454 ], [ 477343.509999999776483, 5939706.349999999627471 ], [ 477339.370000000111759, 5939706.230000000447035 ], [ 477338.809000000357628, 5939700.339999999850988 ], [ 477334.019999999552965, 5939650.009999999776483 ], [ 477329.269000000320375, 5939600.07799999974668 ], [ 477326.929999999701977, 5939575.490000000223517 ], [ 477319.059999999590218, 5939492.740000000223517 ], [ 477314.519999999552965, 5939445.03999999910593 ], [ 477311.419999999925494, 5939418.900000000372529 ], [ 477282.150000000372529, 5939409.339999999850988 ], [ 477097.915000000037253, 5939347.660000000149012 ], [ 477093.548999999649823, 5939346.318 ], [ 477100.589999999850988, 5939359.83500000089407 ], [ 477098.632000000216067, 5939366.767000000923872 ], [ 477095.246000000275671, 5939372.693 ], [ 477094.509999999776483, 5939374.92 ], [ 477087.410000000149012, 5939384.810000000521541 ], [ 477085.014000000432134, 5939387.712999999523163 ], [ 477079.439000000245869, 5939391.575999999418855 ], [ 477074.25899999961257, 5939394.852 ], [ 477058.737999999895692, 5939408.302999999374151 ], [ 477054.459999999962747, 5939412.009999999776483 ], [ 477040.25, 5939421.28999999910593 ], [ 477029.349999999627471, 5939427.140000000596046 ], [ 477021.110000000335276, 5939434.380000000819564 ], [ 476989.540000000037253, 5939461.189999999478459 ], [ 476960.620000000111759, 5939475.570000000298023 ], [ 476938.290000000037253, 5939478.769999999552965 ], [ 476937.892, 5939492.688999999314547 ], [ 476945.725999999791384, 5939546.117000000551343 ], [ 476943.967000000178814, 5939546.302999999374151 ], [ 476942.099999999627471, 5939546.5 ], [ 476939.951999999582767, 5939546.748999999836087 ], [ 476874.957000000402331, 5939554.282999999821186 ], [ 476824.271999999880791, 5939560.159 ], [ 476821.759999999776483, 5939560.449999999254942 ], [ 476798.160000000149012, 5939563.179999999701977 ], [ 476792.349999999627471, 5939563.869999999180436 ], [ 476735.959999999962747, 5939570.619999999180436 ], [ 476699.549999999813735, 5939579.17 ], [ 476689.90500000026077, 5939561.178999999538064 ], [ 476686.160000000149012, 5939554.189999999478459 ], [ 476673.656000000424683, 5939561.301999999210238 ], [ 476636.070000000298023, 5939582.679999999701977 ], [ 476631.993999999947846, 5939578.233999999240041 ], [ 476630.110000000335276, 5939576.179999999701977 ], [ 476625.259999999776483, 5939570.890000000596046 ], [ 476592.889999999664724, 5939569.92 ], [ 476575.5, 5939572.220000000670552 ], [ 476506.240000000223517, 5939604.150000000372529 ], [ 476472.509999999776483, 5939625.140000000596046 ], [ 476441.620000000111759, 5939672.880000000819564 ], [ 476435.21999999973923, 5939710.689999999478459 ], [ 476436.240000000223517, 5939715.990000000223517 ], [ 476436.879999999888241, 5939719.320000000298023 ], [ 476442.459999999962747, 5939718.929999999701977 ], [ 476460.690000000409782, 5939757.599999999627471 ], [ 476484.900000000372529, 5939807.550000000745058 ], [ 476489.110000000335276, 5939814.660000000149012 ], [ 476496.299999999813735, 5939832.400000000372529 ], [ 476498.410000000149012, 5939837.609999999403954 ], [ 476502.110000000335276, 5939844.71000000089407 ], [ 476508.269999999552965, 5939884.529999999329448 ], [ 476514.910000000149012, 5939903.929999999701977 ], [ 476508.769999999552965, 5939945.310000000521541 ], [ 476511.459999999962747, 5939960.019999999552965 ], [ 476513.759999999776483, 5939969.279999999329448 ], [ 476516.820000000298023, 5939972.83 ], [ 476514.815999999642372, 5939975.918999999761581 ], [ 476512.129999999888241, 5939980.060000000521541 ], [ 476507.940000000409782, 5939981.839999999850988 ], [ 476511.509999999776483, 5939986.660000000149012 ], [ 476509.740000000223517, 5939994.150000000372529 ], [ 476506.570000000298023, 5939996.189999999478459 ], [ 476494.5, 5939985.92 ], [ 476472.0, 5939972.759999999776483 ], [ 476456.870000000111759, 5939963.259999999776483 ], [ 476455.860000000335276, 5939963.130000000819564 ], [ 476443.040000000037253, 5939965.050000000745058 ], [ 476434.160000000149012, 5939969.0 ], [ 476427.679999999701977, 5939969.259999999776483 ], [ 476416.660000000149012, 5939976.0 ], [ 476401.169999999925494, 5939982.990000000223517 ], [ 476396.769999999552965, 5939997.339999999850988 ], [ 476384.360000000335276, 5940019.679999999701977 ], [ 476377.150000000372529, 5940035.17 ], [ 476364.110000000335276, 5940054.099999999627471 ], [ 476354.349999999627471, 5940065.769999999552965 ], [ 476348.410000000149012, 5940077.33 ], [ 476347.669999999925494, 5940086.08 ], [ 476349.839999999850988, 5940091.660000000149012 ], [ 476359.639999999664724, 5940109.410000000149012 ], [ 476379.129999999888241, 5940148.589999999850988 ], [ 476382.320000000298023, 5940155.820000000298023 ], [ 476388.314000000245869, 5940176.983999999240041 ], [ 476389.889999999664724, 5940182.550000000745058 ], [ 476393.032999999821186, 5940192.57799999974668 ], [ 476431.084999999962747, 5940187.21000000089407 ], [ 476440.400000000372529, 5940187.46000000089407 ], [ 476464.660000000149012, 5940197.199999999254942 ], [ 476538.160000000149012, 5940192.410000000149012 ], [ 476545.919999999925494, 5940196.970000000670552 ], [ 476553.679999999701977, 5940203.679999999701977 ], [ 476558.240000000223517, 5940205.320000000298023 ], [ 476586.169999999925494, 5940204.400000000372529 ], [ 476613.849999999627471, 5940205.759999999776483 ], [ 476632.269999999552965, 5940207.769999999552965 ], [ 476651.309999999590218, 5940210.029999999329448 ], [ 476669.924999999813735, 5940210.926000000908971 ], [ 476669.024000000208616, 5940206.595000000670552 ] ] ], [ [ [ 476474.849999999627471, 5939315.970000000670552 ], [ 476548.71999999973923, 5939263.890000000596046 ], [ 476560.540000000037253, 5939267.029999999329448 ], [ 476579.019999999552965, 5939287.650000000372529 ], [ 476595.820000000298023, 5939337.609999999403954 ], [ 476608.46999999973923, 5939362.96000000089407 ], [ 476619.599999999627471, 5939387.17 ], [ 476668.759999999776483, 5939433.720000000670552 ], [ 476642.5, 5939475.949999999254942 ], [ 476635.700000000186265, 5939496.029999999329448 ], [ 476624.540000000037253, 5939534.550000000745058 ], [ 476632.290000000037253, 5939535.410000000149012 ], [ 476639.650000000372529, 5939536.269999999552965 ], [ 476647.019999999552965, 5939537.130000000819564 ], [ 476653.21999999973923, 5939531.900000000372529 ], [ 476658.650000000372529, 5939523.380000000819564 ], [ 476668.419999999925494, 5939522.71000000089407 ], [ 476672.480000000447035, 5939520.660000000149012 ], [ 476675.879999999888241, 5939512.150000000372529 ], [ 476679.299999999813735, 5939510.109999999403954 ], [ 476688.070000000298023, 5939512.359999999403954 ], [ 476703.799999999813735, 5939506.46000000089407 ], [ 476712.419999999925494, 5939504.910000000149012 ], [ 476718.759999999776483, 5939502.089999999850988 ], [ 476731.959999999962747, 5939499.890000000596046 ], [ 476739.160000000149012, 5939492.880000000819564 ], [ 476743.870000000111759, 5939494.390000000596046 ], [ 476750.889999999664724, 5939506.050000000745058 ], [ 476764.070000000298023, 5939499.400000000372529 ], [ 476773.929999999701977, 5939485.650000000372529 ], [ 476778.25, 5939484.619999999180436 ], [ 476781.309999999590218, 5939488.029999999329448 ], [ 476786.040000000037253, 5939505.279999999329448 ], [ 476789.860000000335276, 5939510.679999999701977 ], [ 476794.299999999813735, 5939519.71000000089407 ], [ 476802.849999999627471, 5939518.820000000298023 ], [ 476812.480000000447035, 5939502.199999999254942 ], [ 476845.919999999925494, 5939514.769999999552965 ], [ 476860.940000000409782, 5939516.75 ], [ 476866.816999999806285, 5939517.526000000536442 ], [ 476879.730000000447035, 5939519.230000000447035 ], [ 476886.910000000149012, 5939521.220000000670552 ], [ 476901.259999999776483, 5939521.660000000149012 ], [ 476903.709999999962747, 5939516.259999999776483 ], [ 476900.900000000372529, 5939503.720000000670552 ], [ 476897.360000000335276, 5939494.199999999254942 ], [ 476897.25, 5939484.910000000149012 ], [ 476902.639999999664724, 5939474.390000000596046 ], [ 476896.03000000026077, 5939457.160000000149012 ], [ 476894.650000000372529, 5939447.699999999254942 ], [ 476898.290000000037253, 5939440.689999999478459 ], [ 476903.129999999888241, 5939436.0 ], [ 476907.589999999850988, 5939435.240000000223517 ], [ 476911.46999999973923, 5939416.480000000447035 ], [ 476910.459999999962747, 5939411.03999999910593 ], [ 476920.509999999776483, 5939401.339999999850988 ], [ 476931.269999999552965, 5939399.339999999850988 ], [ 476951.360000000335276, 5939390.400000000372529 ], [ 476963.099999999627471, 5939388.589999999850988 ], [ 476970.490000000223517, 5939388.599999999627471 ], [ 476972.910000000149012, 5939388.890000000596046 ], [ 476976.21999999973923, 5939391.17 ], [ 476984.860000000335276, 5939396.869999999180436 ], [ 476991.080000000074506, 5939395.720000000670552 ], [ 476995.5, 5939386.199999999254942 ], [ 476996.889999999664724, 5939380.740000000223517 ], [ 477000.690000000409782, 5939373.380000000819564 ], [ 477006.019999999552965, 5939377.179999999701977 ], [ 477017.709999999962747, 5939382.740000000223517 ], [ 477019.580000000074506, 5939385.060000000521541 ], [ 477024.459999999962747, 5939391.109999999403954 ], [ 477040.34499999973923, 5939378.870999999344349 ], [ 477013.620000000111759, 5939347.03999999910593 ], [ 477010.868999999947846, 5939344.25 ], [ 476902.820000000298023, 5939244.990000000223517 ], [ 476880.120000000111759, 5939223.96000000089407 ], [ 476860.855999999679625, 5939206.109999999403954 ], [ 476654.230000000447035, 5939014.650000000372529 ], [ 476588.53000000026077, 5938953.78999999910593 ], [ 476508.639999999664724, 5938879.769999999552965 ], [ 476472.360000000335276, 5938846.150000000372529 ], [ 476466.900000000372529, 5938841.08 ], [ 476458.963999999687076, 5938833.684000000357628 ], [ 476449.549999999813735, 5938824.910000000149012 ], [ 476440.518000000156462, 5938816.505000000819564 ], [ 476430.230000000447035, 5938806.929999999701977 ], [ 476425.690000000409782, 5938802.699999999254942 ], [ 476371.620000000111759, 5938753.019999999552965 ], [ 476368.559999999590218, 5938750.209000000730157 ], [ 476078.769999999552965, 5938483.939999999478459 ], [ 476200.139999999664724, 5938387.449999999254942 ], [ 476208.661999999545515, 5938379.390000000596046 ], [ 476214.06900000013411, 5938374.276000000536442 ], [ 476218.849999999627471, 5938369.810000000521541 ], [ 476224.396999999880791, 5938365.130000000819564 ], [ 476233.549999999813735, 5938355.480000000447035 ], [ 476093.889999999664724, 5938227.560000000521541 ], [ 475968.509999999776483, 5938112.720000000670552 ], [ 475946.540000000037253, 5938092.589999999850988 ], [ 475871.281000000424683, 5938022.982999999076128 ], [ 475865.324000000022352, 5938017.472999999299645 ], [ 475812.790000000037253, 5937969.369999999180436 ], [ 475805.919999999925494, 5937962.970000000670552 ], [ 475787.048000000417233, 5937942.028000000864267 ], [ 475784.970999999903142, 5937939.722999999299645 ], [ 475781.203999999910593, 5937936.217000000178814 ], [ 475739.839999999850988, 5937898.339999999850988 ], [ 475685.700000000186265, 5937847.240000000223517 ], [ 475673.548000000417233, 5937836.21199999935925 ], [ 475662.009999999776483, 5937825.740000000223517 ], [ 475646.009999999776483, 5937811.070000000298023 ], [ 475621.950000000186265, 5937789.560000000521541 ], [ 475592.240000000223517, 5937761.25 ], [ 475583.309999999590218, 5937752.78999999910593 ], [ 475551.559999999590218, 5937723.779999999329448 ], [ 475526.120000000111759, 5937700.099999999627471 ], [ 475501.679999999701977, 5937677.83 ], [ 475482.669999999925494, 5937659.939999999478459 ], [ 475456.849999999627471, 5937636.25 ], [ 475425.370000000111759, 5937607.160000000149012 ], [ 475410.370000000111759, 5937593.130000000819564 ], [ 475392.879999999888241, 5937575.890000000596046 ], [ 475377.964999999850988, 5937561.55599999986589 ], [ 475352.792999999597669, 5937536.744000000879169 ], [ 475339.733, 5937514.85700000077486 ], [ 475325.565999999642372, 5937486.604000000283122 ], [ 475316.575000000186265, 5937470.222999999299645 ], [ 475285.959999999962747, 5937412.410000000149012 ], [ 475260.138000000268221, 5937369.495999999344349 ], [ 475211.410000000149012, 5937267.230000000447035 ], [ 475186.269999999552965, 5937218.75 ], [ 475164.959999999962747, 5937175.480000000447035 ], [ 475163.540000000037253, 5937172.570000000298023 ], [ 475152.03000000026077, 5937151.070000000298023 ], [ 475141.169999999925494, 5937128.300000000745058 ], [ 475116.256000000052154, 5937076.08500000089407 ], [ 475114.06900000013411, 5937071.93099999986589 ], [ 475112.985999999567866, 5937069.876000000163913 ], [ 475089.879999999888241, 5937026.0 ], [ 475042.5, 5936929.769999999552965 ], [ 475022.71999999973923, 5936935.839999999850988 ], [ 475006.217000000178814, 5936940.963999999687076 ], [ 474999.53000000026077, 5936943.03999999910593 ], [ 474992.83600000012666, 5936945.128000000491738 ], [ 474980.75899999961257, 5936948.893999999389052 ], [ 474977.179999999701977, 5936950.009999999776483 ], [ 474972.360000000335276, 5936951.519999999552965 ], [ 474789.929999999701977, 5937005.519999999552965 ], [ 474746.370000000111759, 5937018.140000000596046 ], [ 474660.440000000409782, 5937046.92 ], [ 474617.589999999850988, 5937065.679999999701977 ], [ 474587.200000000186265, 5937082.33 ], [ 474545.980000000447035, 5937108.720000000670552 ], [ 474537.406000000424683, 5937115.131999999284744 ], [ 474466.509999999776483, 5937168.150000000372529 ], [ 474452.118999999947846, 5937179.015000000596046 ], [ 474434.799999999813735, 5937192.279999999329448 ], [ 474237.951000000350177, 5937341.99100000038743 ], [ 474133.169999999925494, 5937421.679999999701977 ], [ 474120.752999999560416, 5937430.912000000476837 ], [ 474081.129999999888241, 5937459.589999999850988 ], [ 474073.572999999858439, 5937464.653000000864267 ], [ 474065.29700000025332, 5937470.197000000625849 ], [ 474059.466000000014901, 5937473.992000000551343 ], [ 474024.281000000424683, 5937494.551000000908971 ], [ 474010.660000000149012, 5937502.509999999776483 ], [ 473966.690000000409782, 5937523.509999999776483 ], [ 473960.014000000432134, 5937526.01799999922514 ], [ 473951.652999999932945, 5937528.981000000610948 ], [ 473934.878999999724329, 5937536.072000000625849 ], [ 473909.161000000312924, 5937543.214999999850988 ], [ 473884.395999999716878, 5937548.454 ], [ 473870.267, 5937550.676999999210238 ], [ 473856.774000000208616, 5937550.994000000879169 ], [ 473832.167000000365078, 5937552.582000000402331 ], [ 473785.652999999932945, 5937555.121999999508262 ], [ 473770.321999999694526, 5937556.075999999418855 ], [ 473742.849999999627471, 5937555.380000000819564 ], [ 473709.929999999701977, 5937551.150000000372529 ], [ 473667.46999999973923, 5937541.609999999403954 ], [ 473607.580000000074506, 5937522.470000000670552 ], [ 473490.070000000298023, 5937480.240000000223517 ], [ 473444.410000000149012, 5937462.33 ], [ 473404.639000000432134, 5937449.220000000670552 ], [ 473385.919999999925494, 5937443.050000000745058 ], [ 473383.290000000037253, 5937441.869999999180436 ], [ 473381.709999999962747, 5937445.119999999180436 ], [ 473371.740000000223517, 5937465.570000000298023 ], [ 473364.217000000178814, 5937481.870999999344349 ], [ 473362.775999999605119, 5937484.993000000715256 ], [ 473361.540000000037253, 5937487.668999999761581 ], [ 473358.360000000335276, 5937494.560000000521541 ], [ 473354.685999999754131, 5937501.946000000461936 ], [ 473350.769999999552965, 5937509.820000000298023 ], [ 473331.059999999590218, 5937549.75 ], [ 473296.78000000026077, 5937609.92 ], [ 473231.0, 5937714.240000000223517 ], [ 473207.770999999716878, 5937751.685000000521541 ], [ 473203.807000000029802, 5937757.55599999986589 ], [ 473199.747000000439584, 5937763.796 ], [ 473159.599000000394881, 5937828.56900000013411 ], [ 473128.709999999962747, 5937878.720000000670552 ], [ 473068.870000000111759, 5937970.349999999627471 ], [ 473049.75, 5937996.679999999701977 ], [ 473037.959999999962747, 5938024.339999999850988 ], [ 473019.339999999850988, 5938060.730000000447035 ], [ 472991.324000000022352, 5938103.242000000551343 ], [ 472973.951999999582767, 5938137.875 ], [ 472966.207000000402331, 5938155.026000000536442 ], [ 472959.235999999567866, 5938174.832000000402331 ], [ 472951.933000000193715, 5938200.17 ], [ 472946.816999999806285, 5938227.654999999329448 ], [ 472942.277999999932945, 5938266.566999999806285 ], [ 472939.190000000409782, 5938294.58 ], [ 472937.259999999776483, 5938324.150000000372529 ], [ 472937.612999999895692, 5938356.513000000268221 ], [ 472946.714999999850988, 5938354.185000000521541 ], [ 473054.665000000037253, 5938326.244999999180436 ], [ 473085.980000000447035, 5938340.560000000521541 ], [ 473139.650000000372529, 5938366.650000000372529 ], [ 473219.951000000350177, 5938404.679999999701977 ], [ 473301.046000000089407, 5938443.08500000089407 ], [ 473385.923999999649823, 5938483.724999999627471 ], [ 473447.626000000163913, 5938513.936000000685453 ], [ 473455.946999999694526, 5938517.997999999672174 ], [ 473494.333999999798834, 5938536.736999999731779 ], [ 473584.841000000014901, 5938580.916999999433756 ], [ 473628.620000000111759, 5938603.660000000149012 ], [ 473658.041000000201166, 5938631.829 ], [ 473665.980000000447035, 5938639.429999999701977 ], [ 473749.759999999776483, 5938726.740000000223517 ], [ 473816.333999999798834, 5938793.896999999880791 ], [ 473833.268000000156462, 5938810.83 ], [ 473948.361999999731779, 5938929.098999999463558 ], [ 473982.492999999783933, 5938964.289000000804663 ], [ 474028.531000000424683, 5939017.470000000670552 ], [ 474082.24100000038743, 5939078.854000000283122 ], [ 474137.009999999776483, 5939141.030999999493361 ], [ 474181.139999999664724, 5939192.019999999552965 ], [ 474238.661000000312924, 5939258.470000000670552 ], [ 474354.230000000447035, 5939391.980000000447035 ], [ 474369.843999999575317, 5939410.112999999895692 ], [ 474398.418999999761581, 5939415.933000000193715 ], [ 474441.502000000327826, 5939432.506999999284744 ], [ 474525.992999999783933, 5939465.009999999776483 ], [ 474554.990000000223517, 5939476.130000000819564 ], [ 474588.46999999973923, 5939489.050000000745058 ], [ 474616.910000000149012, 5939500.089999999850988 ], [ 474625.88300000037998, 5939503.563999999314547 ], [ 474663.566999999806285, 5939518.155999999493361 ], [ 474691.105000000447035, 5939528.81900000013411 ], [ 474705.209999999962747, 5939534.279999999329448 ], [ 474710.075000000186265, 5939536.162000000476837 ], [ 474786.150000000372529, 5939565.599999999627471 ], [ 474830.820000000298023, 5939582.900000000372529 ], [ 474852.222000000067055, 5939591.466 ], [ 474868.019999999552965, 5939597.560000000521541 ], [ 474903.660000000149012, 5939611.300000000745058 ], [ 474949.78000000026077, 5939629.08 ], [ 475048.458999999798834, 5939667.128000000491738 ], [ 475066.099999999627471, 5939673.929999999701977 ], [ 475073.75, 5939675.980000000447035 ], [ 475124.190000000409782, 5939678.070000000298023 ], [ 475141.879999999888241, 5939678.810000000521541 ], [ 475155.542000000365078, 5939679.679999999701977 ], [ 475228.036999999545515, 5939684.271999999880791 ], [ 475235.800999999977648, 5939684.789000000804663 ], [ 475240.604000000283122, 5939684.682 ], [ 475279.794999999925494, 5939680.607999999076128 ], [ 475507.354000000283122, 5939656.951999999582767 ], [ 475729.855999999679625, 5939633.822000000625849 ], [ 475786.269999999552965, 5939627.71000000089407 ], [ 475839.486999999731779, 5939621.94400000013411 ], [ 475929.959999999962747, 5939612.140000000596046 ], [ 475935.985000000335276, 5939611.457000000402331 ], [ 476068.089999999850988, 5939596.490000000223517 ], [ 476081.490000000223517, 5939594.970000000670552 ], [ 476094.740000000223517, 5939593.679999999701977 ], [ 476104.459999999962747, 5939592.730000000447035 ], [ 476156.849999999627471, 5939578.21000000089407 ], [ 476163.959999999962747, 5939576.560000000521541 ], [ 476172.959999999962747, 5939574.470000000670552 ], [ 476182.773000000044703, 5939571.55599999986589 ], [ 476201.50800000037998, 5939565.996999999508262 ], [ 476212.91399999987334, 5939562.612999999895692 ], [ 476254.379999999888241, 5939550.320000000298023 ], [ 476275.790000000037253, 5939535.509999999776483 ], [ 476332.493999999947846, 5939497.700999999418855 ], [ 476337.21999999973923, 5939494.550000000745058 ], [ 476345.946999999694526, 5939467.58 ], [ 476355.440000000409782, 5939438.240000000223517 ], [ 476354.799999999813735, 5939399.779999999329448 ], [ 476367.026999999769032, 5939391.289000000804663 ], [ 476433.080000000074506, 5939345.42 ], [ 476474.849999999627471, 5939315.970000000670552 ] ] ] ] } },
{ "type": "Feature", "properties": { "BEZ_BL": "Bremen", "SCH_BL": "04000000", "BEZ_KS": "Bremerhaven", "SCH_KS": "04012000", "BEZ_SB": "Bremerhaven-Nord", "SCH_SB": "04012100", "BEZ_ST": "Lehe", "SCH_ST": "04012130", "SCH_ST_AGS": "040120000130", "FLAECHE": "16.35362056375333" }, "geometry": { "type": "MultiPolygon", "coordinates": [ [ [ [ 471028.330000000074506, 5939276.17 ], [ 471038.740000000223517, 5939271.21000000089407 ], [ 471043.419999999925494, 5939271.21000000089407 ], [ 471066.269999999552965, 5939265.119999999180436 ], [ 471077.809999999590218, 5939261.939999999478459 ], [ 471101.28000000026077, 5939252.67 ], [ 471121.830000000074506, 5939245.42 ], [ 471156.849999999627471, 5939230.820000000298023 ], [ 471165.980000000447035, 5939228.029999999329448 ], [ 471190.839999999850988, 5939220.140000000596046 ], [ 471253.769999999552965, 5939197.410000000149012 ], [ 471271.0, 5939191.470000000670552 ], [ 471361.870000000111759, 5939160.179999999701977 ], [ 471388.201000000350177, 5939151.11600000038743 ], [ 471486.580000000074506, 5939117.25 ], [ 471489.236999999731779, 5939117.350999999791384 ], [ 471490.0, 5939117.380000000819564 ], [ 471572.726999999955297, 5939087.686000000685453 ], [ 471586.512000000104308, 5939083.904999999329448 ], [ 471589.317999999970198, 5939082.623999999836087 ], [ 471605.213999999687076, 5939076.25899999961257 ], [ 471817.139999999664724, 5938998.429999999701977 ], [ 471826.290000000037253, 5938995.08 ], [ 471856.889999999664724, 5938983.859999999403954 ], [ 471936.139999999664724, 5938953.96000000089407 ], [ 471977.791000000201166, 5938938.96199999935925 ], [ 472037.200000000186265, 5938918.104000000283122 ], [ 472047.05599999986589, 5938917.904999999329448 ], [ 472051.884999999776483, 5938912.679999999701977 ], [ 472055.059999999590218, 5938911.951999999582767 ], [ 472061.542000000365078, 5938910.099999999627471 ], [ 472095.872000000439584, 5938921.345000000670552 ], [ 472239.218999999575317, 5938888.073999999091029 ], [ 472282.273000000044703, 5938877.981000000610948 ], [ 472289.808000000193715, 5938876.242000000551343 ], [ 472277.597000000067055, 5938827.973999999463558 ], [ 472272.334999999962747, 5938807.177999999374151 ], [ 472380.082000000402331, 5938778.57799999974668 ], [ 472589.997000000439584, 5938724.566999999806285 ], [ 472595.559000000357628, 5938722.274000000208616 ], [ 472529.307000000029802, 5938613.688999999314547 ], [ 472619.478000000119209, 5938589.98200000077486 ], [ 472675.106999999843538, 5938573.03999999910593 ], [ 472707.742999999783933, 5938563.100999999791384 ], [ 472711.129999999888241, 5938563.947000000625849 ], [ 472713.881000000052154, 5938567.546 ], [ 472713.669999999925494, 5938561.619000000879169 ], [ 472718.96100000012666, 5938559.713999999687076 ], [ 472729.121000000275671, 5938555.268999999389052 ], [ 472792.621000000275671, 5938529.233999999240041 ], [ 472826.487999999895692, 5938514.629000000655651 ], [ 472925.49199999962002, 5938473.352 ], [ 472925.830000000074506, 5938462.42 ], [ 472925.570000000298023, 5938397.820000000298023 ], [ 472926.740000000223517, 5938371.310000000521541 ], [ 472928.299999999813735, 5938358.842000000178814 ], [ 472937.612999999895692, 5938356.513000000268221 ], [ 472937.259999999776483, 5938324.150000000372529 ], [ 472939.190000000409782, 5938294.58 ], [ 472942.277999999932945, 5938266.566999999806285 ], [ 472946.816999999806285, 5938227.654999999329448 ], [ 472951.933000000193715, 5938200.17 ], [ 472959.235999999567866, 5938174.832000000402331 ], [ 472966.207000000402331, 5938155.026000000536442 ], [ 472973.951999999582767, 5938137.875 ], [ 472991.324000000022352, 5938103.242000000551343 ], [ 473019.339999999850988, 5938060.730000000447035 ], [ 473037.959999999962747, 5938024.339999999850988 ], [ 473049.75, 5937996.679999999701977 ], [ 473068.870000000111759, 5937970.349999999627471 ], [ 473128.709999999962747, 5937878.720000000670552 ], [ 473159.599000000394881, 5937828.56900000013411 ], [ 473199.747000000439584, 5937763.796 ], [ 473203.807000000029802, 5937757.55599999986589 ], [ 473207.770999999716878, 5937751.685000000521541 ], [ 473231.0, 5937714.240000000223517 ], [ 473296.78000000026077, 5937609.92 ], [ 473331.059999999590218, 5937549.75 ], [ 473350.769999999552965, 5937509.820000000298023 ], [ 473354.685999999754131, 5937501.946000000461936 ], [ 473358.360000000335276, 5937494.560000000521541 ], [ 473361.540000000037253, 5937487.668999999761581 ], [ 473362.775999999605119, 5937484.993000000715256 ], [ 473364.217000000178814, 5937481.870999999344349 ], [ 473371.740000000223517, 5937465.570000000298023 ], [ 473381.709999999962747, 5937445.119999999180436 ], [ 473383.290000000037253, 5937441.869999999180436 ], [ 473385.919999999925494, 5937443.050000000745058 ], [ 473404.639000000432134, 5937449.220000000670552 ], [ 473444.410000000149012, 5937462.33 ], [ 473490.070000000298023, 5937480.240000000223517 ], [ 473607.580000000074506, 5937522.470000000670552 ], [ 473667.46999999973923, 5937541.609999999403954 ], [ 473709.929999999701977, 5937551.150000000372529 ], [ 473742.849999999627471, 5937555.380000000819564 ], [ 473770.321999999694526, 5937556.075999999418855 ], [ 473785.652999999932945, 5937555.121999999508262 ], [ 473832.167000000365078, 5937552.582000000402331 ], [ 473856.774000000208616, 5937550.994000000879169 ], [ 473870.267, 5937550.676999999210238 ], [ 473884.395999999716878, 5937548.454 ], [ 473909.161000000312924, 5937543.214999999850988 ], [ 473934.878999999724329, 5937536.072000000625849 ], [ 473951.652999999932945, 5937528.981000000610948 ], [ 473960.014000000432134, 5937526.01799999922514 ], [ 473966.690000000409782, 5937523.509999999776483 ], [ 474010.660000000149012, 5937502.509999999776483 ], [ 474024.281000000424683, 5937494.551000000908971 ], [ 474059.466000000014901, 5937473.992000000551343 ], [ 474065.29700000025332, 5937470.197000000625849 ], [ 474073.572999999858439, 5937464.653000000864267 ], [ 474081.129999999888241, 5937459.589999999850988 ], [ 474120.752999999560416, 5937430.912000000476837 ], [ 474133.169999999925494, 5937421.679999999701977 ], [ 474237.951000000350177, 5937341.99100000038743 ], [ 474434.799999999813735, 5937192.279999999329448 ], [ 474452.118999999947846, 5937179.015000000596046 ], [ 474466.509999999776483, 5937168.150000000372529 ], [ 474537.406000000424683, 5937115.131999999284744 ], [ 474545.980000000447035, 5937108.720000000670552 ], [ 474587.200000000186265, 5937082.33 ], [ 474617.589999999850988, 5937065.679999999701977 ], [ 474660.440000000409782, 5937046.92 ], [ 474746.370000000111759, 5937018.140000000596046 ], [ 474789.929999999701977, 5937005.519999999552965 ], [ 474972.360000000335276, 5936951.519999999552965 ], [ 474977.179999999701977, 5936950.009999999776483 ], [ 474980.75899999961257, 5936948.893999999389052 ], [ 474992.83600000012666, 5936945.128000000491738 ], [ 474999.53000000026077, 5936943.03999999910593 ], [ 475006.217000000178814, 5936940.963999999687076 ], [ 475022.71999999973923, 5936935.839999999850988 ], [ 475042.5, 5936929.769999999552965 ], [ 475028.620000000111759, 5936900.929999999701977 ], [ 474999.940000000409782, 5936846.980000000447035 ], [ 474976.929999999701977, 5936803.33 ], [ 474957.95299999974668, 5936766.438999999314547 ], [ 474955.330000000074506, 5936761.339999999850988 ], [ 474943.700000000186265, 5936740.470000000670552 ], [ 474925.753999999724329, 5936706.801000000908971 ], [ 474913.877000000327826, 5936689.185000000521541 ], [ 474898.657999999821186, 5936662.44400000013411 ], [ 474881.110000000335276, 5936637.109999999403954 ], [ 474878.367999999783933, 5936631.764000000432134 ], [ 474865.320000000298023, 5936606.33 ], [ 474863.950000000186265, 5936596.78999999910593 ], [ 474849.900000000372529, 5936575.660000000149012 ], [ 474842.950000000186265, 5936563.949999999254942 ], [ 474836.299999999813735, 5936537.259999999776483 ], [ 474833.234000000171363, 5936510.597999999299645 ], [ 474832.940000000409782, 5936508.03999999910593 ], [ 474832.200000000186265, 5936499.269999999552965 ], [ 474827.589999999850988, 5936465.589999999850988 ], [ 474828.889999999664724, 5936456.970000000670552 ], [ 474828.669999999925494, 5936443.240000000223517 ], [ 474827.429999999701977, 5936432.96000000089407 ], [ 474827.570000000298023, 5936427.619999999180436 ], [ 474830.509999999776483, 5936421.150000000372529 ], [ 474825.25, 5936392.810000000521541 ], [ 474826.040000000037253, 5936379.859999999403954 ], [ 474824.218000000342727, 5936368.127000000327826 ], [ 474823.533999999985099, 5936344.08 ], [ 474823.980999999679625, 5936338.278000000864267 ], [ 474823.75800000037998, 5936333.592000000178814 ], [ 474822.418999999761581, 5936329.799000000581145 ], [ 474816.839999999850988, 5936290.526000000536442 ], [ 474816.394000000320375, 5936273.566999999806285 ], [ 474817.956000000238419, 5936264.641000000759959 ], [ 474816.839999999850988, 5936229.161000000312924 ], [ 474817.120000000111759, 5936225.273 ], [ 474819.071999999694526, 5936198.144999999552965 ], [ 474822.326999999582767, 5936191.299000000581145 ], [ 474828.196000000461936, 5936175.188999999314547 ], [ 474833.941999999806285, 5936152.861999999731779 ], [ 474840.490000000223517, 5936133.820000000298023 ], [ 474842.188000000081956, 5936130.416999999433756 ], [ 474855.540000000037253, 5936103.660000000149012 ], [ 474857.804999999701977, 5936098.729000000283122 ], [ 474884.286000000312924, 5936040.81900000013411 ], [ 474891.654000000096858, 5936023.606000000610948 ], [ 474898.839999999850988, 5936009.602 ], [ 474929.160000000149012, 5935949.073999999091029 ], [ 474940.591000000014901, 5935928.480000000447035 ], [ 474947.046000000089407, 5935912.36600000038743 ], [ 474954.209999999962747, 5935900.240000000223517 ], [ 474959.15500000026077, 5935891.610999999567866 ], [ 474962.582999999634922, 5935883.108999999240041 ], [ 474964.950000000186265, 5935874.5 ], [ 474968.769999999552965, 5935865.630000000819564 ], [ 474974.910000000149012, 5935848.970000000670552 ], [ 474981.259999999776483, 5935836.96000000089407 ], [ 474998.820000000298023, 5935804.359999999403954 ], [ 475020.75, 5935764.470000000670552 ], [ 475034.724000000394881, 5935738.94400000013411 ], [ 475041.049999999813735, 5935727.390000000596046 ], [ 475059.870000000111759, 5935693.650000000372529 ], [ 475077.08600000012666, 5935664.837999999523163 ], [ 475078.963000000454485, 5935663.562999999150634 ], [ 475085.259999999776483, 5935655.518999999389052 ], [ 475093.526999999769032, 5935647.13399999961257 ], [ 475096.304999999701977, 5935644.338999999687076 ], [ 475098.740000000223517, 5935641.889000000432134 ], [ 475099.115000000223517, 5935639.527000000700355 ], [ 475099.821000000461936, 5935635.552999999374151 ], [ 475103.003999999724329, 5935631.588999999687076 ], [ 475108.733, 5935626.434000000357628 ], [ 475111.983, 5935623.730000000447035 ], [ 475120.251000000163913, 5935612.948000000789762 ], [ 475119.956000000238419, 5935608.857999999076128 ], [ 475118.33600000012666, 5935602.821000000461936 ], [ 475123.629999999888241, 5935589.505999999120831 ], [ 475125.584999999962747, 5935582.626000000163913 ], [ 475136.699000000022352, 5935560.459000000730157 ], [ 475140.150000000372529, 5935552.089999999850988 ], [ 475145.919999999925494, 5935541.048000000417233 ], [ 475145.773000000044703, 5935528.320000000298023 ], [ 475146.279000000096858, 5935525.093000000342727 ], [ 475146.947999999858439, 5935520.191999999806285 ], [ 475155.349999999627471, 5935497.16499999910593 ], [ 475167.259999999776483, 5935498.17 ], [ 475174.224999999627471, 5935496.818 ], [ 475176.076999999582767, 5935493.709000000730157 ], [ 475177.599000000394881, 5935489.607999999076128 ], [ 475179.457000000402331, 5935480.927999999374151 ], [ 475179.765999999828637, 5935478.823999999091029 ], [ 475185.338000000454485, 5935471.153000000864267 ], [ 475192.94400000013411, 5935465.068 ], [ 475195.392, 5935455.74100000038743 ], [ 475195.722000000067055, 5935448.861999999731779 ], [ 475195.966000000014901, 5935445.688999999314547 ], [ 475195.043999999761581, 5935436.587999999523163 ], [ 475194.889999999664724, 5935435.065999999642372 ], [ 475195.247999999672174, 5935429.479000000283122 ], [ 475195.890999999828637, 5935421.878000000491738 ], [ 475194.498999999836087, 5935414.581000000238419 ], [ 475193.242999999783933, 5935411.481000000610948 ], [ 475194.419999999925494, 5935401.42 ], [ 475202.769999999552965, 5935340.599999999627471 ], [ 475205.309999999590218, 5935328.5 ], [ 475212.639999999664724, 5935300.839999999850988 ], [ 475216.190000000409782, 5935288.359999999403954 ], [ 475221.009999999776483, 5935275.46000000089407 ], [ 475231.589999999850988, 5935244.470000000670552 ], [ 475242.849999999627471, 5935216.130000000819564 ], [ 475256.769999999552965, 5935176.08 ], [ 475271.410000000149012, 5935132.849999999627471 ], [ 475276.96999999973923, 5935117.279999999329448 ], [ 475291.349999999627471, 5935073.160000000149012 ], [ 475319.900000000372529, 5934975.640000000596046 ], [ 475339.910000000149012, 5934911.240000000223517 ], [ 475356.129999999888241, 5934860.619999999180436 ], [ 475364.5, 5934835.619999999180436 ], [ 475373.049999999813735, 5934804.279999999329448 ], [ 475389.919999999925494, 5934742.839999999850988 ], [ 475407.889999999664724, 5934677.720000000670552 ], [ 475425.690000000409782, 5934608.769999999552965 ], [ 475441.480000000447035, 5934541.509999999776483 ], [ 475450.480000000447035, 5934504.300000000745058 ], [ 475457.070000000298023, 5934479.320000000298023 ], [ 475460.860000000335276, 5934465.439999999478459 ], [ 475464.799999999813735, 5934453.439999999478459 ], [ 475467.730000000447035, 5934444.019999999552965 ], [ 475476.019999999552965, 5934422.96000000089407 ], [ 475485.410000000149012, 5934397.699999999254942 ], [ 475494.040000000037253, 5934374.21000000089407 ], [ 475498.459999999962747, 5934359.429999999701977 ], [ 475503.860000000335276, 5934341.839999999850988 ], [ 475513.940000000409782, 5934311.730000000447035 ], [ 475521.53000000026077, 5934284.970000000670552 ], [ 475530.980000000447035, 5934253.980000000447035 ], [ 475553.213999999687076, 5934172.435000000521541 ], [ 475553.310999999754131, 5934165.111999999731779 ], [ 475553.828999999910593, 5934161.00899999961257 ], [ 475554.138000000268221, 5934155.26799999922514 ], [ 475558.315999999642372, 5934140.048000000417233 ], [ 475519.985000000335276, 5934146.174000000581145 ], [ 475500.123999999836087, 5934152.299000000581145 ], [ 475463.371000000275671, 5934163.714999999850988 ], [ 475404.993999999947846, 5934192.485999999567866 ], [ 475361.929999999701977, 5934194.342000000178814 ], [ 475318.86699999962002, 5934172.438999999314547 ], [ 475314.691999999806285, 5934170.405999999493361 ], [ 475301.888000000268221, 5934133.479000000283122 ], [ 475289.402999999932945, 5934108.401000000536442 ], [ 475274.271999999880791, 5934078.562999999150634 ], [ 475240.307000000029802, 5934040.683000000193715 ], [ 475232.793999999761581, 5934032.323999999091029 ], [ 475177.560999999754131, 5934000.474999999627471 ], [ 475146.981999999843538, 5933982.803999999538064 ], [ 475127.425999999977648, 5933972.527000000700355 ], [ 475091.86600000038743, 5933953.477 ], [ 475048.684999999590218, 5933919.822000000625849 ], [ 475018.417000000365078, 5933876.642000000923872 ], [ 475010.373999999836087, 5933862.247999999672174 ], [ 474986.243999999947846, 5933815.046 ], [ 474980.316999999806285, 5933804.03999999910593 ], [ 474945.179999999701977, 5933742.232999999076128 ], [ 474901.787999999709427, 5933690.373999999836087 ], [ 474859.877999999560416, 5933664.128000000491738 ], [ 474851.558000000193715, 5933662.21199999935925 ], [ 474794.862999999895692, 5933649.829 ], [ 474774.186999999918044, 5933645.606000000610948 ], [ 474697.68099999986589, 5933630.507999999448657 ], [ 474583.228000000119209, 5933607.454 ], [ 474559.561999999918044, 5933603.17 ], [ 474503.457000000402331, 5933585.421 ], [ 474449.597000000067055, 5933555.021999999880791 ], [ 474380.639000000432134, 5933504.221999999135733 ], [ 474371.662999999709427, 5933502.386 ], [ 474321.88300000037998, 5933492.389000000432134 ], [ 474276.591000000014901, 5933504.221999999135733 ], [ 474224.974999999627471, 5933531.764000000432134 ], [ 474156.220999999903142, 5933568.690999999642372 ], [ 474109.093000000342727, 5933593.581000000238419 ], [ 474095.627999999560416, 5933600.51799999922514 ], [ 474007.492999999783933, 5933665.598999999463558 ], [ 473982.393000000156462, 5933683.959000000730157 ], [ 473940.281999999657273, 5933714.66499999910593 ], [ 473870.723000000230968, 5933764.79700000025332 ], [ 473854.178999999538064, 5933777.331000000238419 ], [ 473798.656999999657273, 5933805.404999999329448 ], [ 473750.906000000424683, 5933830.095000000670552 ], [ 473689.11699999962002, 5933845.762000000104308 ], [ 473628.832000000402331, 5933845.009999999776483 ], [ 473561.90500000026077, 5933843.881999999284744 ], [ 473504.252999999560416, 5933835.985999999567866 ], [ 473441.587000000290573, 5933827.212999999523163 ], [ 473380.390999999828637, 5933811.698999999091029 ], [ 473302.70299999974668, 5933791.468000000342727 ], [ 473282.065000000409782, 5933791.785000000149012 ], [ 473193.958999999798834, 5933792.737999999895692 ], [ 473117.599999999627471, 5933793.054999999701977 ], [ 473043.216000000014901, 5933791.598999999463558 ], [ 473032.662999999709427, 5933791.486999999731779 ], [ 472995.520999999716878, 5933791.095000000670552 ], [ 472948.690000000409782, 5933794.801000000908971 ], [ 472917.733, 5933796.706000000238419 ], [ 472880.743999999947846, 5933795.595000000670552 ], [ 472851.533999999985099, 5933794.96000000089407 ], [ 472828.673999999649823, 5933805.119999999180436 ], [ 472797.907999999821186, 5933817.08500000089407 ], [ 472788.033999999985099, 5933822.424000000581145 ], [ 472764.697999999858439, 5933834.013000000268221 ], [ 472733.423999999649823, 5933875.764000000432134 ], [ 472699.610000000335276, 5933914.816999999806285 ], [ 472655.637000000104308, 5933936.723999999463558 ], [ 472606.423999999649823, 5933943.709000000730157 ], [ 472545.940000000409782, 5933932.437999999150634 ], [ 472543.082999999634922, 5933932.119999999180436 ], [ 472481.804999999701977, 5933904.338999999687076 ], [ 472433.544999999925494, 5933874.33500000089407 ], [ 472423.066999999806285, 5933857.507999999448657 ], [ 472407.985999999567866, 5933833.219000000506639 ], [ 472394.650999999605119, 5933776.228000000119209 ], [ 472395.445000000298023, 5933751.144999999552965 ], [ 472396.55599999986589, 5933663.039000000804663 ], [ 472401.160000000149012, 5933632.876000000163913 ], [ 472411.796000000089407, 5933569.217000000178814 ], [ 472427.036000000312924, 5933526.037000000476837 ], [ 472461.485000000335276, 5933508.573999999091029 ], [ 472495.457000000402331, 5933500.478000000119209 ], [ 472533.558000000193715, 5933507.462999999523163 ], [ 472572.451000000350177, 5933526.037000000476837 ], [ 472606.74100000038743, 5933565.354000000283122 ], [ 472622.82799999974668, 5933583.558000000193715 ], [ 472663.257000000216067, 5933614.88399999961257 ], [ 472726.968000000342727, 5933628.007999999448657 ], [ 472789.197999999858439, 5933614.03800000064075 ], [ 472807.612999999895692, 5933601.126000000163913 ], [ 472839.575000000186265, 5933579.112999999895692 ], [ 472886.776999999769032, 5933531.276000000536442 ], [ 472928.474999999627471, 5933467.352 ], [ 472935.248999999836087, 5933444.06900000013411 ], [ 472953.875, 5933386.072000000625849 ], [ 472966.998999999836087, 5933299.924000000581145 ], [ 472969.75, 5933269.867000000551343 ], [ 472969.115000000223517, 5933244.467000000178814 ], [ 472968.057000000029802, 5933215.679999999701977 ], [ 472958.109000000171363, 5933169.112999999895692 ], [ 472931.226999999955297, 5933137.787000000476837 ], [ 472925.299999999813735, 5933130.589999999850988 ], [ 472875.769999999552965, 5933109.0 ], [ 472799.146999999880791, 5933090.372999999672174 ], [ 472760.200000000186265, 5933097.570000000298023 ], [ 472724.428000000305474, 5933129.107999999076128 ], [ 472711.940000000409782, 5933153.872999999672174 ], [ 472709.188000000081956, 5933160.222999999299645 ], [ 472704.531999999657273, 5933206.154999999329448 ], [ 472694.582999999634922, 5933245.313999999314547 ], [ 472669.606999999843538, 5933276.005000000819564 ], [ 472621.980999999679625, 5933302.675000000745058 ], [ 472558.480999999679625, 5933320.666999999433756 ], [ 472482.492999999783933, 5933325.746999999508262 ], [ 472407.774000000208616, 5933305.639000000432134 ], [ 472340.888000000268221, 5933273.254000000655651 ], [ 472301.30599999986589, 5933237.69400000013411 ], [ 472288.361999999731779, 5933225.700999999418855 ], [ 472260.084999999962747, 5933232.44400000013411 ], [ 472254.326999999582767, 5933233.96000000089407 ], [ 472233.906000000424683, 5933242.097999999299645 ], [ 472181.150000000372529, 5933263.259999999776483 ], [ 472155.490000000223517, 5933271.21000000089407 ], [ 472156.270999999716878, 5933272.631999999284744 ], [ 472193.303000000305474, 5933340.049000000581145 ], [ 472185.25800000037998, 5933362.949999999254942 ], [ 472173.209999999962747, 5933362.67 ], [ 472181.650000000372529, 5933426.320000000298023 ], [ 472142.839999999850988, 5933423.53999999910593 ], [ 472140.950000000186265, 5933437.42 ], [ 472149.509999999776483, 5933471.42 ], [ 472155.929999999701977, 5933490.910000000149012 ], [ 472158.660000000149012, 5933499.380000000819564 ], [ 472166.660000000149012, 5933524.179999999701977 ], [ 472174.682000000029802, 5933545.628000000491738 ], [ 472182.889999999664724, 5933566.640000000596046 ], [ 472196.595999999903142, 5933600.769999999552965 ], [ 472206.490000000223517, 5933622.519999999552965 ], [ 472214.359000000171363, 5933639.832000000402331 ], [ 472218.440000000409782, 5933648.810000000521541 ], [ 472232.11600000038743, 5933679.746999999508262 ], [ 472223.190000000409782, 5933695.339999999850988 ], [ 472213.80599999986589, 5933711.986999999731779 ], [ 472192.662999999709427, 5933752.563999999314547 ], [ 472178.910000000149012, 5933778.96000000089407 ], [ 472171.521999999880791, 5933793.138000000268221 ], [ 472163.247000000439584, 5933809.448000000789762 ], [ 472157.953999999910593, 5933818.480000000447035 ], [ 472148.135999999940395, 5933835.232999999076128 ], [ 472143.662999999709427, 5933841.878000000491738 ], [ 472135.783999999985099, 5933853.582000000402331 ], [ 472128.576000000350177, 5933863.406999999657273 ], [ 472122.549999999813735, 5933871.619999999180436 ], [ 472111.349999999627471, 5933884.050000000745058 ], [ 472070.098000000230968, 5933921.097999999299645 ], [ 472052.589999999850988, 5933935.890000000596046 ], [ 472026.360000000335276, 5933959.240000000223517 ], [ 472006.347000000067055, 5933977.425000000745058 ], [ 471995.360999999567866, 5933990.947000000625849 ], [ 471983.692999999970198, 5934005.67200000025332 ], [ 471976.747999999672174, 5934015.264000000432134 ], [ 471968.149000000208616, 5934030.145999999716878 ], [ 471955.911999999545515, 5934052.304999999701977 ], [ 471939.044999999925494, 5934082.402000000700355 ], [ 471898.365000000223517, 5934158.800000000745058 ], [ 471860.99199999962002, 5934231.892000000923872 ], [ 471844.125, 5934267.940999999642372 ], [ 471832.349999999627471, 5934296.75 ], [ 471810.456000000238419, 5934352.903999999165535 ], [ 471791.21999999973923, 5934402.240000000223517 ], [ 471787.675999999977648, 5934411.809000000357628 ], [ 471773.379999999888241, 5934448.720000000670552 ], [ 471752.96999999973923, 5934498.349999999627471 ], [ 471720.088999999687076, 5934581.175000000745058 ], [ 471711.158999999985099, 5934605.649000000208616 ], [ 471708.183000000193715, 5934619.209000000730157 ], [ 471706.197999999858439, 5934641.368000000715256 ], [ 471704.54700000025332, 5934679.676000000908971 ], [ 471704.168999999761581, 5934688.433000000193715 ], [ 471706.580000000074506, 5934704.83 ], [ 471690.644999999552965, 5934703.528999999165535 ], [ 471660.53000000026077, 5934702.994999999180436 ], [ 471593.519999999552965, 5934701.310000000521541 ], [ 471544.559999999590218, 5934700.519999999552965 ], [ 471495.849999999627471, 5934699.720000000670552 ], [ 471447.53000000026077, 5934699.429999999701977 ], [ 471394.0, 5934700.449999999254942 ], [ 471371.620000000111759, 5934700.349999999627471 ], [ 471337.550999999977648, 5934701.350999999791384 ], [ 471331.440000000409782, 5934701.529999999329448 ], [ 471295.767, 5934700.255999999120831 ], [ 471268.514999999664724, 5934698.668999999761581 ], [ 471256.889999999664724, 5934696.089999999850988 ], [ 471235.589999999850988, 5934701.96000000089407 ], [ 471219.950000000186265, 5934701.320000000298023 ], [ 471224.53000000026077, 5934740.519999999552965 ], [ 471262.110000000335276, 5934745.890000000596046 ], [ 471258.759999999776483, 5934767.779999999329448 ], [ 471260.349999999627471, 5934768.140000000596046 ], [ 471259.120000000111759, 5934775.429999999701977 ], [ 471257.629999999888241, 5934781.980000000447035 ], [ 471254.360000000335276, 5934789.740000000223517 ], [ 471256.769999999552965, 5934792.599999999627471 ], [ 471273.807000000029802, 5934809.265000000596046 ], [ 471311.377999999560416, 5934836.780999999493361 ], [ 471318.730000000447035, 5934843.269999999552965 ], [ 471352.917999999597669, 5934881.495999999344349 ], [ 471425.149000000208616, 5934990.505000000819564 ], [ 471436.791000000201166, 5935007.967000000178814 ], [ 471454.700000000186265, 5935062.300000000745058 ], [ 471456.03000000026077, 5935066.609999999403954 ], [ 471456.940000000409782, 5935077.589999999850988 ], [ 471458.46999999973923, 5935084.970000000670552 ], [ 471460.259999999776483, 5935091.720000000670552 ], [ 471468.940000000409782, 5935115.380000000819564 ], [ 471477.870000000111759, 5935143.619999999180436 ], [ 471492.669999999925494, 5935184.070000000298023 ], [ 471501.089999999850988, 5935199.71000000089407 ], [ 471504.959999999962747, 5935203.490000000223517 ], [ 471509.870000000111759, 5935206.869999999180436 ], [ 471526.839999999850988, 5935267.269999999552965 ], [ 471552.419999999925494, 5935351.949999999254942 ], [ 471579.790000000037253, 5935449.619999999180436 ], [ 471602.209999999962747, 5935525.490000000223517 ], [ 471629.740000000223517, 5935620.890000000596046 ], [ 471647.919999999925494, 5935692.359999999403954 ], [ 471676.78000000026077, 5935791.839999999850988 ], [ 471705.559999999590218, 5935890.179999999701977 ], [ 471712.445000000298023, 5935908.185000000521541 ], [ 471788.740000000223517, 5936178.46000000089407 ], [ 471790.950000000186265, 5936176.83 ], [ 471804.809999999590218, 5936168.980000000447035 ], [ 471861.620000000111759, 5936165.259999999776483 ], [ 471837.089999999850988, 5936343.800000000745058 ], [ 471856.599999999627471, 5936412.470000000670552 ], [ 471903.599999999627471, 5936560.759999999776483 ], [ 471921.330000000074506, 5936569.619999999180436 ], [ 471941.200000000186265, 5936567.679999999701977 ], [ 471946.040000000037253, 5936594.910000000149012 ], [ 471968.269999999552965, 5936649.490000000223517 ], [ 471989.379999999888241, 5936688.03999999910593 ], [ 471973.169999999925494, 5936699.089999999850988 ], [ 471970.083999999798834, 5936718.187999999150634 ], [ 471983.979000000283122, 5936740.435000000521541 ], [ 471966.497999999672174, 5936752.610999999567866 ], [ 471946.28000000026077, 5936785.199999999254942 ], [ 471943.230000000447035, 5936799.160000000149012 ], [ 471929.950000000186265, 5936796.509999999776483 ], [ 471918.389999999664724, 5936797.050000000745058 ], [ 471904.0, 5936801.410000000149012 ], [ 471882.71999999973923, 5936810.990000000223517 ], [ 471843.75, 5936833.96000000089407 ], [ 471828.480000000447035, 5936846.46000000089407 ], [ 471790.160000000149012, 5936883.070000000298023 ], [ 471603.839999999850988, 5937164.099999999627471 ], [ 471584.389999999664724, 5937195.230000000447035 ], [ 471554.820000000298023, 5937252.640000000596046 ], [ 471532.21999999973923, 5937308.150000000372529 ], [ 471515.940000000409782, 5937362.019999999552965 ], [ 471499.139999999664724, 5937428.42 ], [ 471493.166000000201166, 5937460.085999999195337 ], [ 471484.574000000022352, 5937505.637000000104308 ], [ 471472.480999999679625, 5937552.252000000327826 ], [ 471460.973000000230968, 5937585.605000000447035 ], [ 471441.049999999813735, 5937625.5 ], [ 471429.376000000163913, 5937643.531999999657273 ], [ 471412.407999999821186, 5937666.352 ], [ 471383.150999999605119, 5937696.584000000730157 ], [ 471360.135999999940395, 5937716.674000000581145 ], [ 471340.436999999918044, 5937731.496999999508262 ], [ 471314.75, 5937748.449999999254942 ], [ 471273.536999999545515, 5937771.481000000610948 ], [ 471227.339999999850988, 5937789.949999999254942 ], [ 471204.259999999776483, 5937799.369999999180436 ], [ 471115.24199999962002, 5937828.371999999508262 ], [ 471084.561999999918044, 5937833.523 ], [ 471062.314000000245869, 5937839.796 ], [ 471031.225999999791384, 5937854.017000000923872 ], [ 471025.438000000081956, 5937858.18099999986589 ], [ 471012.373999999836087, 5937867.576999999582767 ], [ 471005.061999999918044, 5937870.48200000077486 ], [ 470822.535000000149012, 5937942.983999999240041 ], [ 470768.160000000149012, 5937960.21000000089407 ], [ 470753.412999999709427, 5937970.434000000357628 ], [ 470699.509999999776483, 5937990.391000000759959 ], [ 470644.490000000223517, 5938009.939999999478459 ], [ 470535.950000000186265, 5938048.67 ], [ 470417.588999999687076, 5938085.642000000923872 ], [ 470400.259999999776483, 5938088.349999999627471 ], [ 470402.688000000081956, 5938119.060000000521541 ], [ 470403.669999999925494, 5938131.150000000372529 ], [ 470401.790000000037253, 5938140.25 ], [ 470399.830000000074506, 5938142.609999999403954 ], [ 470401.290000000037253, 5938144.810000000521541 ], [ 470396.78000000026077, 5938153.220000000670552 ], [ 470375.790000000037253, 5938400.869999999180436 ], [ 470373.28000000026077, 5938413.810000000521541 ], [ 470338.080000000074506, 5938805.939999999478459 ], [ 470335.990000000223517, 5938869.679999999701977 ], [ 470341.349999999627471, 5938920.009999999776483 ], [ 470349.019999999552965, 5938948.67 ], [ 470374.589999999850988, 5939007.640000000596046 ], [ 470406.040000000037253, 5939054.439999999478459 ], [ 470438.490000000223517, 5939087.279999999329448 ], [ 470461.269999999552965, 5939105.130000000819564 ], [ 470503.339999999850988, 5939127.560000000521541 ], [ 470548.225999999791384, 5939172.597999999299645 ], [ 470554.94400000013411, 5939183.592000000178814 ], [ 470594.186999999918044, 5939236.459000000730157 ], [ 470609.052000000141561, 5939256.484999999403954 ], [ 470613.115000000223517, 5939259.112999999895692 ], [ 470637.519999999552965, 5939295.359999999403954 ], [ 470678.009999999776483, 5939348.150000000372529 ], [ 470708.321000000461936, 5939392.460999999195337 ], [ 470713.044999999925494, 5939401.871999999508262 ], [ 470716.040000000037253, 5939407.839999999850988 ], [ 470721.947999999858439, 5939415.768999999389052 ], [ 470738.123999999836087, 5939437.479000000283122 ], [ 470743.370000000111759, 5939444.519999999552965 ], [ 470748.417000000365078, 5939450.179999999701977 ], [ 470758.025000000372529, 5939460.951999999582767 ], [ 470761.139999999664724, 5939464.779999999329448 ], [ 470772.549999999813735, 5939453.869999999180436 ], [ 470781.679999999701977, 5939444.609999999403954 ], [ 470787.332999999634922, 5939432.51799999922514 ], [ 470789.916000000201166, 5939427.625 ], [ 470793.209999999962747, 5939423.300000000745058 ], [ 470818.559999999590218, 5939400.449999999254942 ], [ 470865.46999999973923, 5939358.699999999254942 ], [ 470888.669999999925494, 5939337.759999999776483 ], [ 470913.389000000432134, 5939326.097999999299645 ], [ 471002.459999999962747, 5939290.900000000372529 ], [ 471028.330000000074506, 5939276.17 ] ] ] ] } },
{ "type": "Feature", "properties": { "BEZ_BL": "Bremen", "SCH_BL": "04000000", "BEZ_KS": "Bremerhaven", "SCH_KS": "04012000", "BEZ_SB": "Bremerhaven-Nord", "SCH_SB": "04012100", "BEZ_ST": "Mitte", "SCH_ST": "04012140", "SCH_ST_AGS": "040120000140", "FLAECHE": "5.50654406807082" }, "geometry": { "type": "MultiPolygon", "coordinates": [ [ [ [ 470830.286999999545515, 5933653.742000000551343 ], [ 470962.708999999798834, 5933415.148 ], [ 471110.209999999962747, 5933497.53999999910593 ], [ 471224.179999999701977, 5933560.439999999478459 ], [ 471220.809999999590218, 5933567.660000000149012 ], [ 471270.059999999590218, 5933595.619999999180436 ], [ 471309.179999999701977, 5933618.679999999701977 ], [ 471322.169999999925494, 5933632.880000000819564 ], [ 471326.519999999552965, 5933628.859999999403954 ], [ 471337.410000000149012, 5933636.83 ], [ 471350.200000000186265, 5933648.550000000745058 ], [ 471365.419999999925494, 5933657.779999999329448 ], [ 471381.389999999664724, 5933666.320000000298023 ], [ 471393.379999999888241, 5933673.849999999627471 ], [ 471390.480000000447035, 5933681.949999999254942 ], [ 471390.309999999590218, 5933685.5 ], [ 471419.570000000298023, 5933701.859999999403954 ], [ 471448.815000000409782, 5933716.676999999210238 ], [ 471446.070000000298023, 5933721.269999999552965 ], [ 471416.080000000074506, 5933776.130000000819564 ], [ 471334.089999999850988, 5933923.75 ], [ 471312.25, 5933962.800000000745058 ], [ 471275.71999999973923, 5934029.140000000596046 ], [ 471246.71999999973923, 5934081.699999999254942 ], [ 471219.46999999973923, 5934129.929999999701977 ], [ 471197.0, 5934170.380000000819564 ], [ 471168.240000000223517, 5934221.03999999910593 ], [ 471157.959999999962747, 5934241.570000000298023 ], [ 471149.96999999973923, 5934262.339999999850988 ], [ 471143.46999999973923, 5934279.160000000149012 ], [ 471139.269999999552965, 5934296.849999999627471 ], [ 471136.269999999552965, 5934320.640000000596046 ], [ 471134.370000000111759, 5934338.939999999478459 ], [ 471131.049999999813735, 5934373.78999999910593 ], [ 471127.519999999552965, 5934414.849999999627471 ], [ 471126.900000000372529, 5934434.160000000149012 ], [ 471126.46999999973923, 5934445.349999999627471 ], [ 471123.96999999973923, 5934523.259999999776483 ], [ 471123.179999999701977, 5934556.810000000521541 ], [ 471121.559999999590218, 5934595.83 ], [ 471119.400000000372529, 5934631.300000000745058 ], [ 471119.419999999925494, 5934652.769999999552965 ], [ 471120.660000000149012, 5934666.089999999850988 ], [ 471123.410000000149012, 5934677.130000000819564 ], [ 471127.650000000372529, 5934684.720000000670552 ], [ 471135.099999999627471, 5934695.720000000670552 ], [ 471152.46999999973923, 5934706.400000000372529 ], [ 471176.379999999888241, 5934706.339999999850988 ], [ 471203.820000000298023, 5934703.599999999627471 ], [ 471219.950000000186265, 5934701.320000000298023 ], [ 471235.589999999850988, 5934701.96000000089407 ], [ 471256.889999999664724, 5934696.089999999850988 ], [ 471268.514999999664724, 5934698.668999999761581 ], [ 471295.767, 5934700.255999999120831 ], [ 471331.440000000409782, 5934701.529999999329448 ], [ 471337.550999999977648, 5934701.350999999791384 ], [ 471371.620000000111759, 5934700.349999999627471 ], [ 471394.0, 5934700.449999999254942 ], [ 471447.53000000026077, 5934699.429999999701977 ], [ 471495.849999999627471, 5934699.720000000670552 ], [ 471544.559999999590218, 5934700.519999999552965 ], [ 471593.519999999552965, 5934701.310000000521541 ], [ 471660.53000000026077, 5934702.994999999180436 ], [ 471690.644999999552965, 5934703.528999999165535 ], [ 471706.580000000074506, 5934704.83 ], [ 471704.168999999761581, 5934688.433000000193715 ], [ 471704.54700000025332, 5934679.676000000908971 ], [ 471706.197999999858439, 5934641.368000000715256 ], [ 471708.183000000193715, 5934619.209000000730157 ], [ 471711.158999999985099, 5934605.649000000208616 ], [ 471720.088999999687076, 5934581.175000000745058 ], [ 471752.96999999973923, 5934498.349999999627471 ], [ 471773.379999999888241, 5934448.720000000670552 ], [ 471787.675999999977648, 5934411.809000000357628 ], [ 471791.21999999973923, 5934402.240000000223517 ], [ 471810.456000000238419, 5934352.903999999165535 ], [ 471832.349999999627471, 5934296.75 ], [ 471844.125, 5934267.940999999642372 ], [ 471860.99199999962002, 5934231.892000000923872 ], [ 471898.365000000223517, 5934158.800000000745058 ], [ 471939.044999999925494, 5934082.402000000700355 ], [ 471955.911999999545515, 5934052.304999999701977 ], [ 471968.149000000208616, 5934030.145999999716878 ], [ 471976.747999999672174, 5934015.264000000432134 ], [ 471983.692999999970198, 5934005.67200000025332 ], [ 471995.360999999567866, 5933990.947000000625849 ], [ 472006.347000000067055, 5933977.425000000745058 ], [ 472026.360000000335276, 5933959.240000000223517 ], [ 472052.589999999850988, 5933935.890000000596046 ], [ 472070.098000000230968, 5933921.097999999299645 ], [ 472111.349999999627471, 5933884.050000000745058 ], [ 472122.549999999813735, 5933871.619999999180436 ], [ 472128.576000000350177, 5933863.406999999657273 ], [ 472135.783999999985099, 5933853.582000000402331 ], [ 472143.662999999709427, 5933841.878000000491738 ], [ 472148.135999999940395, 5933835.232999999076128 ], [ 472157.953999999910593, 5933818.480000000447035 ], [ 472163.247000000439584, 5933809.448000000789762 ], [ 472171.521999999880791, 5933793.138000000268221 ], [ 472178.910000000149012, 5933778.96000000089407 ], [ 472192.662999999709427, 5933752.563999999314547 ], [ 472213.80599999986589, 5933711.986999999731779 ], [ 472223.190000000409782, 5933695.339999999850988 ], [ 472232.11600000038743, 5933679.746999999508262 ], [ 472218.440000000409782, 5933648.810000000521541 ], [ 472214.359000000171363, 5933639.832000000402331 ], [ 472206.490000000223517, 5933622.519999999552965 ], [ 472196.595999999903142, 5933600.769999999552965 ], [ 472182.889999999664724, 5933566.640000000596046 ], [ 472174.682000000029802, 5933545.628000000491738 ], [ 472166.660000000149012, 5933524.179999999701977 ], [ 472158.660000000149012, 5933499.380000000819564 ], [ 472155.929999999701977, 5933490.910000000149012 ], [ 472149.509999999776483, 5933471.42 ], [ 472140.950000000186265, 5933437.42 ], [ 472142.839999999850988, 5933423.53999999910593 ], [ 472181.650000000372529, 5933426.320000000298023 ], [ 472173.209999999962747, 5933362.67 ], [ 472185.25800000037998, 5933362.949999999254942 ], [ 472193.303000000305474, 5933340.049000000581145 ], [ 472156.270999999716878, 5933272.631999999284744 ], [ 472155.490000000223517, 5933271.21000000089407 ], [ 472181.150000000372529, 5933263.259999999776483 ], [ 472233.906000000424683, 5933242.097999999299645 ], [ 472254.326999999582767, 5933233.96000000089407 ], [ 472260.084999999962747, 5933232.44400000013411 ], [ 472288.361999999731779, 5933225.700999999418855 ], [ 472279.99199999962002, 5933208.13399999961257 ], [ 472265.529000000096858, 5933177.316999999806285 ], [ 472262.75899999961257, 5933170.850999999791384 ], [ 472252.599000000394881, 5933115.28800000064075 ], [ 472261.17200000025332, 5933060.201999999582767 ], [ 472281.49199999962002, 5933022.736999999731779 ], [ 472318.480999999679625, 5932999.559000000357628 ], [ 472357.375, 5932992.573999999091029 ], [ 472416.270999999716878, 5932992.256999999284744 ], [ 472493.74100000038743, 5932963.523 ], [ 472534.699000000022352, 5932934.789000000804663 ], [ 472541.842000000178814, 5932930.026000000536442 ], [ 472611.850999999791384, 5932844.301000000908971 ], [ 472620.264999999664724, 5932821.123999999836087 ], [ 472647.252999999560416, 5932744.765000000596046 ], [ 472643.759999999776483, 5932700.155999999493361 ], [ 472641.060999999754131, 5932660.310000000521541 ], [ 472639.950000000186265, 5932646.497999999672174 ], [ 472625.821000000461936, 5932585.380000000819564 ], [ 472622.645999999716878, 5932572.045 ], [ 472574.544999999925494, 5932464.094000000506639 ], [ 472550.256000000052154, 5932409.324999999254942 ], [ 472508.186999999918044, 5932345.666999999433756 ], [ 472496.757000000216067, 5932327.410000000149012 ], [ 472452.466000000014901, 5932283.119000000879169 ], [ 472421.985999999567866, 5932252.798000000417233 ], [ 472404.365000000223517, 5932238.668999999761581 ], [ 472324.67200000025332, 5932175.168999999761581 ], [ 472314.512000000104308, 5932166.596000000834465 ], [ 472267.838999999687076, 5932131.83 ], [ 472199.100999999791384, 5932080.870999999344349 ], [ 472116.074000000022352, 5932031.182 ], [ 472011.377000000327826, 5931968.220000000670552 ], [ 471981.959999999962747, 5932032.619999999180436 ], [ 471971.75800000037998, 5932026.356000000610948 ], [ 471956.093999999575317, 5932017.041999999433756 ], [ 471934.081000000238419, 5932004.766000000759959 ], [ 471901.060999999754131, 5931990.161000000312924 ], [ 471873.543999999761581, 5931980.21199999935925 ], [ 471835.86699999962002, 5931970.051999999210238 ], [ 471821.696000000461936, 5931967.196000000461936 ], [ 470977.362999999895692, 5931717.593000000342727 ], [ 470654.600999999791384, 5931622.176999999210238 ], [ 470665.580000000074506, 5931731.396999999880791 ], [ 470675.833999999798834, 5931830.216 ], [ 470669.816999999806285, 5931860.644999999552965 ], [ 470651.654000000096858, 5931951.458000000566244 ], [ 470648.565000000409782, 5931966.76799999922514 ], [ 470645.04700000025332, 5931987.174000000581145 ], [ 470600.608, 5932206.708000000566244 ], [ 470553.320000000298023, 5932444.671 ], [ 470393.178999999538064, 5933065.525000000372529 ], [ 470089.376000000163913, 5933627.980000000447035 ], [ 469955.678999999538064, 5933864.436000000685453 ], [ 469885.209999999962747, 5933988.697000000625849 ], [ 469851.917999999597669, 5934047.204 ], [ 469828.160000000149012, 5934088.964999999850988 ], [ 469380.748999999836087, 5934875.195000000298023 ], [ 469380.122000000439584, 5934876.295 ], [ 469367.358, 5934899.061000000685453 ], [ 469365.699000000022352, 5934901.981000000610948 ], [ 469344.685999999754131, 5934938.973999999463558 ], [ 469218.189000000245869, 5935160.940999999642372 ], [ 469170.479000000283122, 5935245.130000000819564 ], [ 469113.343000000342727, 5935345.346000000834465 ], [ 469792.808000000193715, 5935525.860999999567866 ], [ 469837.882000000216067, 5935444.770999999716878 ], [ 469937.464999999850988, 5935265.091 ], [ 469981.139000000432134, 5935186.559000000357628 ], [ 470081.754999999888241, 5935004.717000000178814 ], [ 470142.49100000038743, 5934895.153999999165535 ], [ 470264.110999999567866, 5934675.879000000655651 ], [ 470322.763000000268221, 5934569.740000000223517 ], [ 470472.58600000012666, 5934299.820000000298023 ], [ 470541.611999999731779, 5934175.154999999329448 ], [ 470604.451999999582767, 5934061.776000000536442 ], [ 470642.537999999709427, 5933992.795 ], [ 470710.793999999761581, 5933870.83 ], [ 470830.286999999545515, 5933653.742000000551343 ] ] ] ] } },
{ "type": "Feature", "properties": { "BEZ_BL": "Bremen", "SCH_BL": "04000000", "BEZ_KS": "Bremerhaven", "SCH_KS": "04012000", "BEZ_SB": "Bremerhaven-Süd", "SCH_SB": "04012200", "BEZ_ST": "Geestemünde", "SCH_ST": "04012210", "SCH_ST_AGS": "040120000210", "FLAECHE": "10.983657880434293" }, "geometry": { "type": "MultiPolygon", "coordinates": [ [ [ [ 472828.673999999649823, 5933805.119999999180436 ], [ 472851.533999999985099, 5933794.96000000089407 ], [ 472880.743999999947846, 5933795.595000000670552 ], [ 472917.733, 5933796.706000000238419 ], [ 472948.690000000409782, 5933794.801000000908971 ], [ 472995.520999999716878, 5933791.095000000670552 ], [ 473032.662999999709427, 5933791.486999999731779 ], [ 473043.216000000014901, 5933791.598999999463558 ], [ 473117.599999999627471, 5933793.054999999701977 ], [ 473193.958999999798834, 5933792.737999999895692 ], [ 473282.065000000409782, 5933791.785000000149012 ], [ 473302.70299999974668, 5933791.468000000342727 ], [ 473380.390999999828637, 5933811.698999999091029 ], [ 473441.587000000290573, 5933827.212999999523163 ], [ 473504.252999999560416, 5933835.985999999567866 ], [ 473561.90500000026077, 5933843.881999999284744 ], [ 473628.832000000402331, 5933845.009999999776483 ], [ 473689.11699999962002, 5933845.762000000104308 ], [ 473750.906000000424683, 5933830.095000000670552 ], [ 473798.656999999657273, 5933805.404999999329448 ], [ 473854.178999999538064, 5933777.331000000238419 ], [ 473870.723000000230968, 5933764.79700000025332 ], [ 473940.281999999657273, 5933714.66499999910593 ], [ 473982.393000000156462, 5933683.959000000730157 ], [ 474007.492999999783933, 5933665.598999999463558 ], [ 474095.627999999560416, 5933600.51799999922514 ], [ 474109.093000000342727, 5933593.581000000238419 ], [ 474156.220999999903142, 5933568.690999999642372 ], [ 474224.974999999627471, 5933531.764000000432134 ], [ 474276.591000000014901, 5933504.221999999135733 ], [ 474321.88300000037998, 5933492.389000000432134 ], [ 474371.662999999709427, 5933502.386 ], [ 474380.639000000432134, 5933504.221999999135733 ], [ 474449.597000000067055, 5933555.021999999880791 ], [ 474503.457000000402331, 5933585.421 ], [ 474559.561999999918044, 5933603.17 ], [ 474583.228000000119209, 5933607.454 ], [ 474697.68099999986589, 5933630.507999999448657 ], [ 474774.186999999918044, 5933645.606000000610948 ], [ 474794.862999999895692, 5933649.829 ], [ 474794.820000000298023, 5933639.08 ], [ 474794.820000000298023, 5933636.320000000298023 ], [ 474793.299999999813735, 5933561.230000000447035 ], [ 474793.059999999590218, 5933505.470000000670552 ], [ 474792.769999999552965, 5933452.5 ], [ 474792.099999999627471, 5933407.400000000372529 ], [ 474791.5, 5933342.099999999627471 ], [ 474791.360000000335276, 5933303.490000000223517 ], [ 474790.25, 5933238.070000000298023 ], [ 474789.96999999973923, 5933192.21000000089407 ], [ 474789.929999999701977, 5933185.109999999403954 ], [ 474790.099999999627471, 5933160.589999999850988 ], [ 474789.620000000111759, 5933137.109999999403954 ], [ 474789.580000000074506, 5933129.970000000670552 ], [ 474789.309999999590218, 5933051.470000000670552 ], [ 474789.049999999813735, 5932980.730000000447035 ], [ 474788.830000000074506, 5932923.179999999701977 ], [ 474790.320000000298023, 5932862.5 ], [ 474791.410000000149012, 5932802.949999999254942 ], [ 474793.059999999590218, 5932755.730000000447035 ], [ 474794.629999999888241, 5932705.839999999850988 ], [ 474796.799999999813735, 5932657.740000000223517 ], [ 474799.46999999973923, 5932601.890000000596046 ], [ 474804.110000000335276, 5932518.769999999552965 ], [ 474808.28000000026077, 5932457.75 ], [ 474813.0, 5932393.17 ], [ 474816.990000000223517, 5932342.300000000745058 ], [ 474820.110000000335276, 5932308.740000000223517 ], [ 474822.320000000298023, 5932285.070000000298023 ], [ 474823.290000000037253, 5932274.71000000089407 ], [ 474830.309999999590218, 5932202.17 ], [ 474834.53000000026077, 5932160.189999999478459 ], [ 474836.629999999888241, 5932141.650000000372529 ], [ 474838.019999999552965, 5932129.300000000745058 ], [ 474839.129999999888241, 5932119.490000000223517 ], [ 474839.809999999590218, 5932113.980000000447035 ], [ 474843.959999999962747, 5932080.199999999254942 ], [ 474849.429999999701977, 5932040.650000000372529 ], [ 474863.709999999962747, 5931929.890000000596046 ], [ 474873.669999999925494, 5931860.390000000596046 ], [ 474888.269999999552965, 5931767.509999999776483 ], [ 474900.360000000335276, 5931691.910000000149012 ], [ 474921.480000000447035, 5931572.970000000670552 ], [ 474937.110000000335276, 5931486.560000000521541 ], [ 474961.900000000372529, 5931362.150000000372529 ], [ 474990.370000000111759, 5931231.369999999180436 ], [ 474993.700000000186265, 5931216.410000000149012 ], [ 474998.360000000335276, 5931195.439999999478459 ], [ 475002.769999999552965, 5931175.660000000149012 ], [ 475009.559999999590218, 5931145.199999999254942 ], [ 475031.25, 5931047.089999999850988 ], [ 475053.450000000186265, 5930947.070000000298023 ], [ 475067.370000000111759, 5930885.439999999478459 ], [ 475072.650000000372529, 5930861.800000000745058 ], [ 475073.320000000298023, 5930858.803999999538064 ], [ 475077.089999999850988, 5930841.949999999254942 ], [ 475108.259999999776483, 5930702.42 ], [ 475130.830000000074506, 5930599.609999999403954 ], [ 475151.139999999664724, 5930508.740000000223517 ], [ 475177.980000000447035, 5930385.199999999254942 ], [ 475188.299999999813735, 5930338.390000000596046 ], [ 475190.230000000447035, 5930329.339999999850988 ], [ 475198.129999999888241, 5930292.220000000670552 ], [ 475224.559999999590218, 5930170.339999999850988 ], [ 475240.740000000223517, 5930097.929999999701977 ], [ 475258.360000000335276, 5930021.199999999254942 ], [ 475273.269999999552965, 5929949.160000000149012 ], [ 475280.070000000298023, 5929918.92 ], [ 475283.080000000074506, 5929905.519999999552965 ], [ 475285.179999999701977, 5929895.900000000372529 ], [ 475290.679999999701977, 5929870.660000000149012 ], [ 475296.240000000223517, 5929845.160000000149012 ], [ 475314.629999999888241, 5929753.570000000298023 ], [ 475331.019999999552965, 5929658.78999999910593 ], [ 475334.049999999813735, 5929640.400000000372529 ], [ 475337.879999999888241, 5929617.199999999254942 ], [ 475339.240000000223517, 5929608.92 ], [ 475341.21999999973923, 5929594.810000000521541 ], [ 475344.809999999590218, 5929569.33 ], [ 475355.589999999850988, 5929491.140000000596046 ], [ 475365.370000000111759, 5929408.630000000819564 ], [ 475371.769999999552965, 5929349.589999999850988 ], [ 475376.360000000335276, 5929307.189999999478459 ], [ 475381.080000000074506, 5929250.810000000521541 ], [ 475386.330000000074506, 5929178.28999999910593 ], [ 475391.459999999962747, 5929091.78999999910593 ], [ 475393.040000000037253, 5929058.140000000596046 ], [ 475394.190000000409782, 5929026.609999999403954 ], [ 475394.450000000186265, 5929019.369999999180436 ], [ 475387.580000000074506, 5929015.75 ], [ 475365.570000000298023, 5929004.140000000596046 ], [ 475338.240000000223517, 5928989.660000000149012 ], [ 475335.049999999813735, 5928987.869999999180436 ], [ 475301.679999999701977, 5928969.119999999180436 ], [ 475247.910000000149012, 5928940.560000000521541 ], [ 475202.490000000223517, 5928916.640000000596046 ], [ 475183.389999999664724, 5928905.910000000149012 ], [ 475153.28000000026077, 5928890.009999999776483 ], [ 475144.950000000186265, 5928885.400000000372529 ], [ 475121.53000000026077, 5928872.449999999254942 ], [ 475094.830000000074506, 5928858.349999999627471 ], [ 475053.339999999850988, 5928835.740000000223517 ], [ 474976.860000000335276, 5928794.891000000759959 ], [ 474953.389999999664724, 5928782.349999999627471 ], [ 474925.957999999634922, 5928767.70299999974668 ], [ 474878.360000000335276, 5928742.660000000149012 ], [ 474853.419999999925494, 5928732.019999999552965 ], [ 474823.259999999776483, 5928720.310000000521541 ], [ 474806.290000000037253, 5928713.53999999910593 ], [ 474779.53000000026077, 5928706.189999999478459 ], [ 474754.269999999552965, 5928701.640000000596046 ], [ 474731.400000000372529, 5928698.890000000596046 ], [ 474707.769999999552965, 5928697.279999999329448 ], [ 474682.990000000223517, 5928696.42 ], [ 474659.080000000074506, 5928697.099999999627471 ], [ 474627.519999999552965, 5928700.119999999180436 ], [ 474606.25, 5928703.609999999403954 ], [ 474585.360000000335276, 5928708.0 ], [ 474568.669999999925494, 5928712.300000000745058 ], [ 474546.099999999627471, 5928719.71000000089407 ], [ 474525.950000000186265, 5928726.519999999552965 ], [ 474514.200000000186265, 5928731.25 ], [ 474483.540000000037253, 5928746.720000000670552 ], [ 474463.269999999552965, 5928757.849999999627471 ], [ 474446.879999999888241, 5928764.589999999850988 ], [ 474426.03000000026077, 5928777.03999999910593 ], [ 474403.019999999552965, 5928792.679999999701977 ], [ 474388.78000000026077, 5928802.08 ], [ 474366.400000000372529, 5928818.359999999403954 ], [ 474346.570000000298023, 5928830.939999999478459 ], [ 474330.610000000335276, 5928847.83 ], [ 474281.370000000111759, 5928896.650000000372529 ], [ 474264.709999999962747, 5928914.949999999254942 ], [ 474219.646999999880791, 5928963.446000000461936 ], [ 474146.490000000223517, 5929042.429999999701977 ], [ 474111.669999999925494, 5929079.28999999910593 ], [ 474076.580000000074506, 5929112.339999999850988 ], [ 474029.160000000149012, 5929155.17 ], [ 473984.540000000037253, 5929196.470000000670552 ], [ 473928.012000000104308, 5929248.01799999922514 ], [ 473841.063000000081956, 5929329.5 ], [ 473793.684000000357628, 5929370.630999999120831 ], [ 473752.292000000365078, 5929409.939999999478459 ], [ 473709.200000000186265, 5929451.689999999478459 ], [ 473679.830000000074506, 5929479.279999999329448 ], [ 473653.150000000372529, 5929506.589999999850988 ], [ 473632.169999999925494, 5929531.640000000596046 ], [ 473606.620000000111759, 5929565.820000000298023 ], [ 473596.709999999962747, 5929581.449999999254942 ], [ 473583.96999999973923, 5929602.929999999701977 ], [ 473566.580000000074506, 5929635.070000000298023 ], [ 473556.419999999925494, 5929656.17 ], [ 473550.629999999888241, 5929667.720000000670552 ], [ 473539.0, 5929699.08 ], [ 473529.929999999701977, 5929728.92 ], [ 473523.129999999888241, 5929757.5 ], [ 473518.129999999888241, 5929782.650000000372529 ], [ 473513.25, 5929812.880000000819564 ], [ 473509.889999999664724, 5929840.939999999478459 ], [ 473508.820000000298023, 5929871.179999999701977 ], [ 473508.650000000372529, 5929895.570000000298023 ], [ 473511.139999999664724, 5929924.53999999910593 ], [ 473515.019999999552965, 5929954.279999999329448 ], [ 473519.929999999701977, 5929981.099999999627471 ], [ 473525.339999999850988, 5930007.279999999329448 ], [ 473531.790000000037253, 5930030.929999999701977 ], [ 473539.993999999947846, 5930057.003000000491738 ], [ 473533.192999999970198, 5930059.404999999329448 ], [ 473528.940999999642372, 5930060.781999999657273 ], [ 473510.379999999888241, 5930068.380000000819564 ], [ 473499.599999999627471, 5930054.300000000745058 ], [ 473482.839999999850988, 5930031.21000000089407 ], [ 473469.509999999776483, 5930017.890000000596046 ], [ 473454.96999999973923, 5930006.050000000745058 ], [ 473444.21999999973923, 5929994.990000000223517 ], [ 473428.129999999888241, 5929983.980000000447035 ], [ 473412.620000000111759, 5929974.369999999180436 ], [ 473397.799999999813735, 5929966.71000000089407 ], [ 473372.440000000409782, 5929955.46000000089407 ], [ 473358.197999999858439, 5929950.511 ], [ 473323.730000000447035, 5929940.400000000372529 ], [ 473291.589999999850988, 5929934.089999999850988 ], [ 473250.0, 5929932.630000000819564 ], [ 473227.269999999552965, 5929934.910000000149012 ], [ 473210.410000000149012, 5929937.429999999701977 ], [ 473197.959999999962747, 5929940.630000000819564 ], [ 473166.259999999776483, 5929949.17 ], [ 473136.75, 5929959.939999999478459 ], [ 473107.940000000409782, 5929977.949999999254942 ], [ 473091.669999999925494, 5929989.279999999329448 ], [ 473036.178000000305474, 5930024.796 ], [ 473016.996000000275671, 5930039.678999999538064 ], [ 472994.507000000216067, 5930060.515000000596046 ], [ 472979.292999999597669, 5930079.697000000625849 ], [ 472924.543999999761581, 5930162.56900000013411 ], [ 472923.25, 5930164.527000000700355 ], [ 472896.099999999627471, 5930206.869999999180436 ], [ 472878.660000000149012, 5930235.359999999403954 ], [ 472857.854000000283122, 5930278.769999999552965 ], [ 472849.885999999940395, 5930285.364 ], [ 472843.549999999813735, 5930291.189999999478459 ], [ 472838.820000000298023, 5930296.5 ], [ 472807.042000000365078, 5930348.474999999627471 ], [ 472789.730000000447035, 5930364.83 ], [ 472769.031999999657273, 5930404.630999999120831 ], [ 472721.259999999776483, 5930496.410000000149012 ], [ 472684.440000000409782, 5930563.78999999910593 ], [ 472715.200000000186265, 5930589.259999999776483 ], [ 472720.309999999590218, 5930596.880000000819564 ], [ 472719.950000000186265, 5930605.390000000596046 ], [ 472684.713999999687076, 5930731.912000000476837 ], [ 472681.434000000357628, 5930741.778000000864267 ], [ 472676.759999999776483, 5930755.83 ], [ 472674.19400000013411, 5930764.82799999974668 ], [ 472628.730999999679625, 5930925.64299999922514 ], [ 472622.95299999974668, 5930942.015000000596046 ], [ 472613.707000000402331, 5930962.816999999806285 ], [ 472597.912999999709427, 5930996.524000000208616 ], [ 472580.860000000335276, 5931029.480000000447035 ], [ 472570.743999999947846, 5931056.950999999418855 ], [ 472530.526999999769032, 5931197.179999999701977 ], [ 472514.71100000012666, 5931253.227 ], [ 472513.260999999940395, 5931253.845000000670552 ], [ 472503.11600000038743, 5931268.764000000432134 ], [ 472476.262000000104308, 5931250.364 ], [ 472470.99100000038743, 5931248.176000000908971 ], [ 472466.217000000178814, 5931247.280999999493361 ], [ 472460.950000000186265, 5931266.689999999478459 ], [ 472418.290000000037253, 5931413.730000000447035 ], [ 472374.517, 5931565.764000000432134 ], [ 472370.980000000447035, 5931578.050000000745058 ], [ 472350.99199999962002, 5931643.333000000566244 ], [ 472336.683000000193715, 5931690.065999999642372 ], [ 472333.259999999776483, 5931689.304999999701977 ], [ 472330.026999999769032, 5931702.553999999538064 ], [ 472290.273000000044703, 5931577.21000000089407 ], [ 472266.110000000335276, 5931515.92 ], [ 472217.839999999850988, 5931521.759999999776483 ], [ 472175.610000000335276, 5931460.730000000447035 ], [ 472146.009999999776483, 5931419.630000000819564 ], [ 472106.589999999850988, 5931363.300000000745058 ], [ 472071.0, 5931311.92 ], [ 472056.96999999973923, 5931293.140000000596046 ], [ 472050.099999999627471, 5931288.839999999850988 ], [ 472039.660000000149012, 5931284.009999999776483 ], [ 471900.379999999888241, 5931324.199999999254942 ], [ 471898.169999999925494, 5931324.599999999627471 ], [ 471842.309999999590218, 5931337.859999999403954 ], [ 471840.127000000327826, 5931338.308000000193715 ], [ 471837.542999999597669, 5931338.837999999523163 ], [ 471824.985999999567866, 5931341.411000000312924 ], [ 471797.851999999955297, 5931346.972999999299645 ], [ 471792.5, 5931348.070000000298023 ], [ 471799.910000000149012, 5931379.439999999478459 ], [ 471805.599999999627471, 5931405.029999999329448 ], [ 471807.230000000447035, 5931412.359999999403954 ], [ 471808.860000000335276, 5931424.939999999478459 ], [ 471806.429999999701977, 5931435.563999999314547 ], [ 471802.99100000038743, 5931442.44400000013411 ], [ 471797.699000000022352, 5931449.058000000193715 ], [ 471793.995000000111759, 5931455.407999999821186 ], [ 471793.730000000447035, 5931461.494000000879169 ], [ 471795.847000000067055, 5931465.727 ], [ 471805.900999999605119, 5931485.30599999986589 ], [ 471816.484000000171363, 5931502.768999999389052 ], [ 471820.45299999974668, 5931522.347999999299645 ], [ 471823.627999999560416, 5931537.16499999910593 ], [ 471835.533999999985099, 5931590.081000000238419 ], [ 471848.512000000104308, 5931647.032999999821186 ], [ 471873.240000000223517, 5931753.720000000670552 ], [ 471864.269999999552965, 5931791.679999999701977 ], [ 471860.429999999701977, 5931808.320000000298023 ], [ 471856.580000000074506, 5931825.970000000670552 ], [ 471855.150000000372529, 5931844.640000000596046 ], [ 471857.406999999657273, 5931861.475999999791384 ], [ 471857.543999999761581, 5931862.495999999344349 ], [ 471852.072999999858439, 5931864.668999999761581 ], [ 471843.976999999955297, 5931862.605000000447035 ], [ 471836.713999999687076, 5931861.255000000819564 ], [ 471832.375, 5931862.525000000372529 ], [ 471830.459999999962747, 5931864.279999999329448 ], [ 471829.213000000454485, 5931867.526000000536442 ], [ 471828.57799999974668, 5931871.176999999210238 ], [ 471830.007000000216067, 5931874.829 ], [ 471829.299999999813735, 5931884.109999999403954 ], [ 471825.287999999709427, 5931927.640000000596046 ], [ 471822.328999999910593, 5931960.224999999627471 ], [ 471821.696000000461936, 5931967.196000000461936 ], [ 471835.86699999962002, 5931970.051999999210238 ], [ 471873.543999999761581, 5931980.21199999935925 ], [ 471901.060999999754131, 5931990.161000000312924 ], [ 471934.081000000238419, 5932004.766000000759959 ], [ 471956.093999999575317, 5932017.041999999433756 ], [ 471971.75800000037998, 5932026.356000000610948 ], [ 471981.959999999962747, 5932032.619999999180436 ], [ 472011.377000000327826, 5931968.220000000670552 ], [ 472116.074000000022352, 5932031.182 ], [ 472199.100999999791384, 5932080.870999999344349 ], [ 472267.838999999687076, 5932131.83 ], [ 472314.512000000104308, 5932166.596000000834465 ], [ 472324.67200000025332, 5932175.168999999761581 ], [ 472404.365000000223517, 5932238.668999999761581 ], [ 472421.985999999567866, 5932252.798000000417233 ], [ 472452.466000000014901, 5932283.119000000879169 ], [ 472496.757000000216067, 5932327.410000000149012 ], [ 472508.186999999918044, 5932345.666999999433756 ], [ 472550.256000000052154, 5932409.324999999254942 ], [ 472574.544999999925494, 5932464.094000000506639 ], [ 472622.645999999716878, 5932572.045 ], [ 472625.821000000461936, 5932585.380000000819564 ], [ 472639.950000000186265, 5932646.497999999672174 ], [ 472641.060999999754131, 5932660.310000000521541 ], [ 472643.759999999776483, 5932700.155999999493361 ], [ 472647.252999999560416, 5932744.765000000596046 ], [ 472620.264999999664724, 5932821.123999999836087 ], [ 472611.850999999791384, 5932844.301000000908971 ], [ 472541.842000000178814, 5932930.026000000536442 ], [ 472534.699000000022352, 5932934.789000000804663 ], [ 472493.74100000038743, 5932963.523 ], [ 472416.270999999716878, 5932992.256999999284744 ], [ 472357.375, 5932992.573999999091029 ], [ 472318.480999999679625, 5932999.559000000357628 ], [ 472281.49199999962002, 5933022.736999999731779 ], [ 472261.17200000025332, 5933060.201999999582767 ], [ 472252.599000000394881, 5933115.28800000064075 ], [ 472262.75899999961257, 5933170.850999999791384 ], [ 472265.529000000096858, 5933177.316999999806285 ], [ 472279.99199999962002, 5933208.13399999961257 ], [ 472288.361999999731779, 5933225.700999999418855 ], [ 472301.30599999986589, 5933237.69400000013411 ], [ 472340.888000000268221, 5933273.254000000655651 ], [ 472407.774000000208616, 5933305.639000000432134 ], [ 472482.492999999783933, 5933325.746999999508262 ], [ 472558.480999999679625, 5933320.666999999433756 ], [ 472621.980999999679625, 5933302.675000000745058 ], [ 472669.606999999843538, 5933276.005000000819564 ], [ 472694.582999999634922, 5933245.313999999314547 ], [ 472704.531999999657273, 5933206.154999999329448 ], [ 472709.188000000081956, 5933160.222999999299645 ], [ 472711.940000000409782, 5933153.872999999672174 ], [ 472724.428000000305474, 5933129.107999999076128 ], [ 472760.200000000186265, 5933097.570000000298023 ], [ 472799.146999999880791, 5933090.372999999672174 ], [ 472875.769999999552965, 5933109.0 ], [ 472925.299999999813735, 5933130.589999999850988 ], [ 472931.226999999955297, 5933137.787000000476837 ], [ 472958.109000000171363, 5933169.112999999895692 ], [ 472968.057000000029802, 5933215.679999999701977 ], [ 472969.115000000223517, 5933244.467000000178814 ], [ 472969.75, 5933269.867000000551343 ], [ 472966.998999999836087, 5933299.924000000581145 ], [ 472953.875, 5933386.072000000625849 ], [ 472935.248999999836087, 5933444.06900000013411 ], [ 472928.474999999627471, 5933467.352 ], [ 472886.776999999769032, 5933531.276000000536442 ], [ 472839.575000000186265, 5933579.112999999895692 ], [ 472807.612999999895692, 5933601.126000000163913 ], [ 472789.197999999858439, 5933614.03800000064075 ], [ 472726.968000000342727, 5933628.007999999448657 ], [ 472663.257000000216067, 5933614.88399999961257 ], [ 472622.82799999974668, 5933583.558000000193715 ], [ 472606.74100000038743, 5933565.354000000283122 ], [ 472572.451000000350177, 5933526.037000000476837 ], [ 472533.558000000193715, 5933507.462999999523163 ], [ 472495.457000000402331, 5933500.478000000119209 ], [ 472461.485000000335276, 5933508.573999999091029 ], [ 472427.036000000312924, 5933526.037000000476837 ], [ 472411.796000000089407, 5933569.217000000178814 ], [ 472401.160000000149012, 5933632.876000000163913 ], [ 472396.55599999986589, 5933663.039000000804663 ], [ 472395.445000000298023, 5933751.144999999552965 ], [ 472394.650999999605119, 5933776.228000000119209 ], [ 472407.985999999567866, 5933833.219000000506639 ], [ 472423.066999999806285, 5933857.507999999448657 ], [ 472433.544999999925494, 5933874.33500000089407 ], [ 472481.804999999701977, 5933904.338999999687076 ], [ 472543.082999999634922, 5933932.119999999180436 ], [ 472545.940000000409782, 5933932.437999999150634 ], [ 472606.423999999649823, 5933943.709000000730157 ], [ 472655.637000000104308, 5933936.723999999463558 ], [ 472699.610000000335276, 5933914.816999999806285 ], [ 472733.423999999649823, 5933875.764000000432134 ], [ 472764.697999999858439, 5933834.013000000268221 ], [ 472788.033999999985099, 5933822.424000000581145 ], [ 472797.907999999821186, 5933817.08500000089407 ], [ 472828.673999999649823, 5933805.119999999180436 ] ] ] ] } },
{ "type": "Feature", "properties": { "BEZ_BL": "Bremen", "SCH_BL": "04000000", "BEZ_KS": "Bremerhaven", "SCH_KS": "04012000", "BEZ_SB": "Bremerhaven-Süd", "SCH_SB": "04012200", "BEZ_ST": "Schiffdorferdamm", "SCH_ST": "04012220", "SCH_ST_AGS": "040120000220", "FLAECHE": "4.522374381176864" }, "geometry": { "type": "MultiPolygon", "coordinates": [ [ [ [ 475519.985000000335276, 5934146.174000000581145 ], [ 475558.315999999642372, 5934140.048000000417233 ], [ 475554.138000000268221, 5934155.26799999922514 ], [ 475562.660000000149012, 5934137.099999999627471 ], [ 475580.540000000037253, 5934130.529999999329448 ], [ 475594.730000000447035, 5934124.769999999552965 ], [ 475612.309999999590218, 5934115.679999999701977 ], [ 475626.459999999962747, 5934105.980000000447035 ], [ 475635.669999999925494, 5934099.509999999776483 ], [ 475642.209999999962747, 5934092.320000000298023 ], [ 475661.099999999627471, 5934063.119999999180436 ], [ 475674.240000000223517, 5934042.740000000223517 ], [ 475684.120000000111759, 5934027.890000000596046 ], [ 475692.169999999925494, 5934018.890000000596046 ], [ 475708.0, 5934001.03999999910593 ], [ 475722.0, 5933989.050000000745058 ], [ 475745.870000000111759, 5933973.009999999776483 ], [ 475785.549999999813735, 5933948.019999999552965 ], [ 475798.707999999634922, 5933940.106000000610948 ], [ 475814.629999999888241, 5933930.529999999329448 ], [ 475831.46999999973923, 5933923.220000000670552 ], [ 475865.179999999701977, 5933918.050000000745058 ], [ 475902.150000000372529, 5933915.160000000149012 ], [ 475936.0, 5933914.009999999776483 ], [ 475951.75, 5933912.179999999701977 ], [ 475959.259999999776483, 5933911.71000000089407 ], [ 475975.200000000186265, 5933913.570000000298023 ], [ 475990.650000000372529, 5933918.230000000447035 ], [ 476011.120000000111759, 5933927.519999999552965 ], [ 476047.349999999627471, 5933945.179999999701977 ], [ 476098.129999999888241, 5933978.67 ], [ 476131.110000000335276, 5934002.839999999850988 ], [ 476148.099999999627471, 5934015.869999999180436 ], [ 476155.129999999888241, 5934021.259999999776483 ], [ 476182.049999999813735, 5934038.880000000819564 ], [ 476205.139999999664724, 5934053.619999999180436 ], [ 476226.620000000111759, 5934061.650000000372529 ], [ 476243.830000000074506, 5934064.25 ], [ 476258.709999999962747, 5934063.699999999254942 ], [ 476277.269999999552965, 5934061.33 ], [ 476301.816999999806285, 5934050.050000000745058 ], [ 476305.730999999679625, 5934045.053999999538064 ], [ 476317.19400000013411, 5934033.33 ], [ 476324.489000000059605, 5934027.945000000298023 ], [ 476330.04700000025332, 5934026.990000000223517 ], [ 476335.171000000089407, 5934040.017000000923872 ], [ 476364.524000000208616, 5934045.053999999538064 ], [ 476382.501000000163913, 5934054.08500000089407 ], [ 476383.110000000335276, 5934055.800000000745058 ], [ 476400.730000000447035, 5934071.490000000223517 ], [ 476425.759999999776483, 5934081.0 ], [ 476428.44400000013411, 5934082.018999999389052 ], [ 476471.290000000037253, 5934098.279999999329448 ], [ 476543.998999999836087, 5934122.618000000715256 ], [ 476545.139999999664724, 5934123.0 ], [ 476600.990000000223517, 5934142.71000000089407 ], [ 476600.240000000223517, 5934137.644999999552965 ], [ 476596.160000000149012, 5934123.279999999329448 ], [ 476594.690000000409782, 5934116.429999999701977 ], [ 476591.669999999925494, 5934102.480000000447035 ], [ 476583.614000000059605, 5934067.645999999716878 ], [ 476582.339999999850988, 5934062.140000000596046 ], [ 476578.240000000223517, 5934044.42 ], [ 476555.629999999888241, 5933949.310000000521541 ], [ 476550.438000000081956, 5933921.956000000238419 ], [ 476549.608, 5933915.222999999299645 ], [ 476546.752999999560416, 5933903.299000000581145 ], [ 476527.669999999925494, 5933817.349999999627471 ], [ 476505.440000000409782, 5933724.890000000596046 ], [ 476478.110000000335276, 5933596.130000000819564 ], [ 476461.160000000149012, 5933520.119999999180436 ], [ 476447.360000000335276, 5933453.609999999403954 ], [ 476447.370000000111759, 5933447.240000000223517 ], [ 476447.389999999664724, 5933440.900000000372529 ], [ 476447.940000000409782, 5933428.650000000372529 ], [ 476453.169999999925494, 5933317.939999999478459 ], [ 476460.620000000111759, 5933199.490000000223517 ], [ 476467.900000000372529, 5933079.78999999910593 ], [ 476468.601999999955297, 5933073.595000000670552 ], [ 476469.21999999973923, 5933068.089999999850988 ], [ 476476.376000000163913, 5932933.143999999389052 ], [ 476481.299999999813735, 5932840.279999999329448 ], [ 476489.400000000372529, 5932717.650000000372529 ], [ 476497.070000000298023, 5932591.33 ], [ 476502.509999999776483, 5932462.130000000819564 ], [ 476501.108, 5932457.369999999180436 ], [ 476499.78000000026077, 5932450.740000000223517 ], [ 476443.671000000089407, 5932491.989 ], [ 476430.150000000372529, 5932501.929999999701977 ], [ 476385.46999999973923, 5932533.099999999627471 ], [ 476331.769999999552965, 5932571.939999999478459 ], [ 476280.339999999850988, 5932609.199999999254942 ], [ 476275.589999999850988, 5932606.619999999180436 ], [ 476269.5, 5932514.730000000447035 ], [ 476265.973000000230968, 5932466.757999999448657 ], [ 476260.0, 5932385.509999999776483 ], [ 476258.429999999701977, 5932364.099999999627471 ], [ 476251.740000000223517, 5932277.660000000149012 ], [ 476247.700000000186265, 5932225.410000000149012 ], [ 476239.629999999888241, 5932129.119999999180436 ], [ 476233.71999999973923, 5932068.349999999627471 ], [ 476233.53000000026077, 5932057.17 ], [ 476234.860000000335276, 5932046.859999999403954 ], [ 476242.400000000372529, 5932035.029999999329448 ], [ 476244.690000000409782, 5932027.75 ], [ 476219.200000000186265, 5932002.160000000149012 ], [ 476173.830000000074506, 5931959.390000000596046 ], [ 476112.269999999552965, 5931899.380000000819564 ], [ 476087.71999999973923, 5931876.570000000298023 ], [ 476083.400000000372529, 5931873.67 ], [ 476071.519999999552965, 5931865.67 ], [ 476021.740000000223517, 5931832.259999999776483 ], [ 476028.182000000029802, 5931702.214999999850988 ], [ 476030.190000000409782, 5931621.939999999478459 ], [ 476031.860000000335276, 5931608.060000000521541 ], [ 476035.349999999627471, 5931569.359999999403954 ], [ 476039.394000000320375, 5931526.261 ], [ 476043.697999999858439, 5931481.859999999403954 ], [ 476045.46999999973923, 5931450.230000000447035 ], [ 476050.96999999973923, 5931398.220000000670552 ], [ 476052.820000000298023, 5931390.240000000223517 ], [ 476055.959999999962747, 5931379.220000000670552 ], [ 476060.19400000013411, 5931338.24100000038743 ], [ 476064.730000000447035, 5931284.320000000298023 ], [ 476075.190000000409782, 5931170.279999999329448 ], [ 476079.200000000186265, 5931129.050000000745058 ], [ 476092.040000000037253, 5931004.349999999627471 ], [ 476099.650000000372529, 5930926.339999999850988 ], [ 476100.496000000275671, 5930920.617000000551343 ], [ 476085.177000000141561, 5930920.141000000759959 ], [ 476093.023000000044703, 5930856.593000000342727 ], [ 476094.605000000447035, 5930843.642000000923872 ], [ 476095.213000000454485, 5930838.727 ], [ 476095.96999999973923, 5930832.609999999403954 ], [ 476000.480000000447035, 5930833.240000000223517 ], [ 475947.5, 5930833.730000000447035 ], [ 475904.830000000074506, 5930836.179999999701977 ], [ 475852.650000000372529, 5930839.029999999329448 ], [ 475795.849999999627471, 5930842.130000000819564 ], [ 475682.320000000298023, 5930849.5 ], [ 475589.849999999627471, 5930855.21000000089407 ], [ 475564.637000000104308, 5930856.781999999657273 ], [ 475551.612999999895692, 5930857.594000000506639 ], [ 475536.667000000365078, 5930857.912000000476837 ], [ 475520.792000000365078, 5930857.646999999880791 ], [ 475491.291000000201166, 5930856.985999999567866 ], [ 475459.476999999955297, 5930857.303999999538064 ], [ 475428.400000000372529, 5930860.119999999180436 ], [ 475359.877000000327826, 5930861.75899999961257 ], [ 475284.559999999590218, 5930861.08 ], [ 475247.21999999973923, 5930861.599999999627471 ], [ 475208.559999999590218, 5930862.03999999910593 ], [ 475165.879999999888241, 5930862.03999999910593 ], [ 475133.582000000402331, 5930861.989 ], [ 475113.308000000193715, 5930861.957000000402331 ], [ 475102.459999999962747, 5930861.939999999478459 ], [ 475072.650000000372529, 5930861.800000000745058 ], [ 475067.370000000111759, 5930885.439999999478459 ], [ 475053.450000000186265, 5930947.070000000298023 ], [ 475031.25, 5931047.089999999850988 ], [ 475009.559999999590218, 5931145.199999999254942 ], [ 475002.769999999552965, 5931175.660000000149012 ], [ 474998.360000000335276, 5931195.439999999478459 ], [ 474993.700000000186265, 5931216.410000000149012 ], [ 474990.370000000111759, 5931231.369999999180436 ], [ 474961.900000000372529, 5931362.150000000372529 ], [ 474937.110000000335276, 5931486.560000000521541 ], [ 474921.480000000447035, 5931572.970000000670552 ], [ 474900.360000000335276, 5931691.910000000149012 ], [ 474888.269999999552965, 5931767.509999999776483 ], [ 474873.669999999925494, 5931860.390000000596046 ], [ 474863.709999999962747, 5931929.890000000596046 ], [ 474849.429999999701977, 5932040.650000000372529 ], [ 474843.959999999962747, 5932080.199999999254942 ], [ 474839.809999999590218, 5932113.980000000447035 ], [ 474839.129999999888241, 5932119.490000000223517 ], [ 474838.019999999552965, 5932129.300000000745058 ], [ 474836.629999999888241, 5932141.650000000372529 ], [ 474834.53000000026077, 5932160.189999999478459 ], [ 474830.309999999590218, 5932202.17 ], [ 474823.290000000037253, 5932274.71000000089407 ], [ 474822.320000000298023, 5932285.070000000298023 ], [ 474820.110000000335276, 5932308.740000000223517 ], [ 474816.990000000223517, 5932342.300000000745058 ], [ 474813.0, 5932393.17 ], [ 474808.28000000026077, 5932457.75 ], [ 474804.110000000335276, 5932518.769999999552965 ], [ 474799.46999999973923, 5932601.890000000596046 ], [ 474796.799999999813735, 5932657.740000000223517 ], [ 474794.629999999888241, 5932705.839999999850988 ], [ 474793.059999999590218, 5932755.730000000447035 ], [ 474791.410000000149012, 5932802.949999999254942 ], [ 474790.320000000298023, 5932862.5 ], [ 474788.830000000074506, 5932923.179999999701977 ], [ 474789.049999999813735, 5932980.730000000447035 ], [ 474789.309999999590218, 5933051.470000000670552 ], [ 474789.580000000074506, 5933129.970000000670552 ], [ 474789.620000000111759, 5933137.109999999403954 ], [ 474790.099999999627471, 5933160.589999999850988 ], [ 474789.929999999701977, 5933185.109999999403954 ], [ 474789.96999999973923, 5933192.21000000089407 ], [ 474790.25, 5933238.070000000298023 ], [ 474791.360000000335276, 5933303.490000000223517 ], [ 474791.5, 5933342.099999999627471 ], [ 474792.099999999627471, 5933407.400000000372529 ], [ 474792.769999999552965, 5933452.5 ], [ 474793.059999999590218, 5933505.470000000670552 ], [ 474793.299999999813735, 5933561.230000000447035 ], [ 474794.820000000298023, 5933636.320000000298023 ], [ 474794.820000000298023, 5933639.08 ], [ 474794.862999999895692, 5933649.829 ], [ 474851.558000000193715, 5933662.21199999935925 ], [ 474859.877999999560416, 5933664.128000000491738 ], [ 474901.787999999709427, 5933690.373999999836087 ], [ 474945.179999999701977, 5933742.232999999076128 ], [ 474980.316999999806285, 5933804.03999999910593 ], [ 474986.243999999947846, 5933815.046 ], [ 475010.373999999836087, 5933862.247999999672174 ], [ 475018.417000000365078, 5933876.642000000923872 ], [ 475048.684999999590218, 5933919.822000000625849 ], [ 475091.86600000038743, 5933953.477 ], [ 475127.425999999977648, 5933972.527000000700355 ], [ 475146.981999999843538, 5933982.803999999538064 ], [ 475177.560999999754131, 5934000.474999999627471 ], [ 475232.793999999761581, 5934032.323999999091029 ], [ 475240.307000000029802, 5934040.683000000193715 ], [ 475274.271999999880791, 5934078.562999999150634 ], [ 475289.402999999932945, 5934108.401000000536442 ], [ 475301.888000000268221, 5934133.479000000283122 ], [ 475314.691999999806285, 5934170.405999999493361 ], [ 475318.86699999962002, 5934172.438999999314547 ], [ 475361.929999999701977, 5934194.342000000178814 ], [ 475404.993999999947846, 5934192.485999999567866 ], [ 475463.371000000275671, 5934163.714999999850988 ], [ 475500.123999999836087, 5934152.299000000581145 ], [ 475519.985000000335276, 5934146.174000000581145 ] ] ] ] } },
{ "type": "Feature", "properties": { "BEZ_BL": "Bremen", "SCH_BL": "04000000", "BEZ_KS": "Bremerhaven", "SCH_KS": "04012000", "BEZ_SB": "Bremerhaven-Süd", "SCH_SB": "04012200", "BEZ_ST": "Surheide", "SCH_ST": "04012230", "SCH_ST_AGS": "040120000230", "FLAECHE": "3.0039748377767888" }, "geometry": { "type": "MultiPolygon", "coordinates": [ [ [ [ 475247.21999999973923, 5930861.599999999627471 ], [ 475284.559999999590218, 5930861.08 ], [ 475359.877000000327826, 5930861.75899999961257 ], [ 475428.400000000372529, 5930860.119999999180436 ], [ 475459.476999999955297, 5930857.303999999538064 ], [ 475491.291000000201166, 5930856.985999999567866 ], [ 475520.792000000365078, 5930857.646999999880791 ], [ 475536.667000000365078, 5930857.912000000476837 ], [ 475551.612999999895692, 5930857.594000000506639 ], [ 475564.637000000104308, 5930856.781999999657273 ], [ 475589.849999999627471, 5930855.21000000089407 ], [ 475682.320000000298023, 5930849.5 ], [ 475795.849999999627471, 5930842.130000000819564 ], [ 475852.650000000372529, 5930839.029999999329448 ], [ 475904.830000000074506, 5930836.179999999701977 ], [ 475947.5, 5930833.730000000447035 ], [ 476000.480000000447035, 5930833.240000000223517 ], [ 476095.96999999973923, 5930832.609999999403954 ], [ 476096.661999999545515, 5930826.255000000819564 ], [ 476099.78000000026077, 5930797.609999999403954 ], [ 476107.865000000223517, 5930725.86600000038743 ], [ 476129.342000000178814, 5930740.083000000566244 ], [ 476133.349999999627471, 5930736.179999999701977 ], [ 476195.410000000149012, 5930666.099999999627471 ], [ 476268.230000000447035, 5930584.679999999701977 ], [ 476331.169999999925494, 5930516.0 ], [ 476358.480000000447035, 5930485.759999999776483 ], [ 476366.110000000335276, 5930485.179999999701977 ], [ 476371.731999999843538, 5930481.93099999986589 ], [ 476377.076999999582767, 5930479.282999999821186 ], [ 476374.928999999538064, 5930471.838999999687076 ], [ 476388.752000000327826, 5930424.504000000655651 ], [ 476400.349999999627471, 5930384.78999999910593 ], [ 476425.940000000409782, 5930299.03999999910593 ], [ 476446.290000000037253, 5930233.449999999254942 ], [ 476473.059999999590218, 5930144.160000000149012 ], [ 476491.889999999664724, 5930079.060000000521541 ], [ 476509.370000000111759, 5930022.96000000089407 ], [ 476530.410000000149012, 5930029.730000000447035 ], [ 476579.559999999590218, 5930048.160000000149012 ], [ 476646.309999999590218, 5930073.089999999850988 ], [ 476746.438000000081956, 5930110.878000000491738 ], [ 476747.451000000350177, 5930115.128000000491738 ], [ 476752.558000000193715, 5930116.550000000745058 ], [ 476756.446999999694526, 5930117.774000000208616 ], [ 476759.410000000149012, 5930110.153999999165535 ], [ 476770.019999999552965, 5930077.900000000372529 ], [ 476808.690000000409782, 5929963.96000000089407 ], [ 476837.040000000037253, 5929882.560000000521541 ], [ 476889.419999999925494, 5929799.699999999254942 ], [ 476910.28000000026077, 5929766.910000000149012 ], [ 476933.540000000037253, 5929731.0 ], [ 476915.389999999664724, 5929718.380000000819564 ], [ 476886.139999999664724, 5929698.03999999910593 ], [ 476806.759999999776483, 5929642.619999999180436 ], [ 476728.389999999664724, 5929587.560000000521541 ], [ 476711.190000000409782, 5929575.179999999701977 ], [ 476663.268000000156462, 5929542.977 ], [ 476691.36600000038743, 5929476.778000000864267 ], [ 476707.24100000038743, 5929438.677999999374151 ], [ 476722.0, 5929402.53999999910593 ], [ 476732.209999999962747, 5929379.130000000819564 ], [ 476747.317999999970198, 5929342.046 ], [ 476785.048999999649823, 5929366.948000000789762 ], [ 476786.990000000223517, 5929362.939999999478459 ], [ 476788.190999999642372, 5929359.844000000506639 ], [ 476836.372000000439584, 5929222.447000000625849 ], [ 476858.867999999783933, 5929158.109999999403954 ], [ 476770.129999999888241, 5929094.609999999403954 ], [ 476690.803999999538064, 5929046.139000000432134 ], [ 476674.884999999776483, 5929038.604000000283122 ], [ 476659.053999999538064, 5929031.109999999403954 ], [ 476650.864000000059605, 5929028.159 ], [ 476632.38399999961257, 5929028.781999999657273 ], [ 476611.428999999538064, 5929025.394999999552965 ], [ 476582.639999999664724, 5929019.78999999910593 ], [ 476561.686999999918044, 5929010.154999999329448 ], [ 476542.889999999664724, 5929008.929999999701977 ], [ 476533.459999999962747, 5929007.259999999776483 ], [ 476516.009999999776483, 5929002.759999999776483 ], [ 476494.599999999627471, 5928997.160000000149012 ], [ 476488.919999999925494, 5929012.21000000089407 ], [ 476485.349999999627471, 5929022.160000000149012 ], [ 476471.03000000026077, 5929013.560000000521541 ], [ 476469.310999999754131, 5929011.615000000223517 ], [ 476428.794999999925494, 5928989.582000000402331 ], [ 476370.839999999850988, 5928952.565999999642372 ], [ 476350.097000000067055, 5928936.892000000923872 ], [ 476342.040000000037253, 5928931.58 ], [ 476150.519999999552965, 5928785.857999999076128 ], [ 476145.467000000178814, 5928781.308000000193715 ], [ 476142.75, 5928778.890000000596046 ], [ 476077.669999999925494, 5928719.03999999910593 ], [ 476037.582999999634922, 5928680.729000000283122 ], [ 475991.83600000012666, 5928637.152000000700355 ], [ 475944.497000000439584, 5928593.204 ], [ 475921.75, 5928592.53999999910593 ], [ 475893.690000000409782, 5928593.869999999180436 ], [ 475905.290000000037253, 5928555.699999999254942 ], [ 475964.559999999590218, 5928360.630000000819564 ], [ 475958.379999999888241, 5928357.400000000372529 ], [ 475953.900000000372529, 5928354.660000000149012 ], [ 475937.629999999888241, 5928331.599999999627471 ], [ 475929.360000000335276, 5928319.109999999403954 ], [ 475908.629999999888241, 5928305.640000000596046 ], [ 475901.919999999925494, 5928296.560000000521541 ], [ 475896.120000000111759, 5928286.589999999850988 ], [ 475876.875, 5928270.993000000715256 ], [ 475865.167999999597669, 5928266.909 ], [ 475862.654000000096858, 5928266.031999999657273 ], [ 475847.770999999716878, 5928263.387000000104308 ], [ 475842.864000000059605, 5928261.017000000923872 ], [ 475841.25800000037998, 5928260.242000000551343 ], [ 475838.179999999701977, 5928258.755999999120831 ], [ 475837.223000000230968, 5928257.695000000298023 ], [ 475822.966000000014901, 5928241.889000000432134 ], [ 475816.020999999716878, 5928237.92 ], [ 475801.859000000171363, 5928235.370999999344349 ], [ 475799.485000000335276, 5928234.94400000013411 ], [ 475795.184999999590218, 5928231.637000000104308 ], [ 475787.908999999985099, 5928211.792999999597669 ], [ 475768.065000000409782, 5928193.271999999880791 ], [ 475755.82799999974668, 5928186.326999999582767 ], [ 475727.385999999940395, 5928182.027000000700355 ], [ 475715.149000000208616, 5928178.720000000670552 ], [ 475711.309999999590218, 5928176.742000000551343 ], [ 475693.320000000298023, 5928167.474999999627471 ], [ 475659.254999999888241, 5928156.561000000685453 ], [ 475642.196999999694526, 5928150.401000000536442 ], [ 475623.536000000312924, 5928143.662000000476837 ], [ 475588.799999999813735, 5928138.660000000149012 ], [ 475563.206000000238419, 5928135.102 ], [ 475535.424999999813735, 5928139.071000000461936 ], [ 475431.929999999701977, 5928147.949999999254942 ], [ 475410.408999999985099, 5928142.378000000491738 ], [ 475385.019999999552965, 5928143.46000000089407 ], [ 475375.870000000111759, 5928143.619999999180436 ], [ 475364.865000000223517, 5928147.943 ], [ 475352.912999999709427, 5928166.996999999508262 ], [ 475351.218999999575317, 5928168.992000000551343 ], [ 475351.440000000409782, 5928170.599999999627471 ], [ 475352.139999999664724, 5928175.660000000149012 ], [ 475355.540000000037253, 5928200.380000000819564 ], [ 475363.599999999627471, 5928262.980000000447035 ], [ 475364.108, 5928267.53800000064075 ], [ 475368.240000000223517, 5928304.589999999850988 ], [ 475373.820000000298023, 5928360.429999999701977 ], [ 475380.370000000111759, 5928436.099999999627471 ], [ 475384.129999999888241, 5928482.390000000596046 ], [ 475390.169999999925494, 5928571.779999999329448 ], [ 475391.870000000111759, 5928608.269999999552965 ], [ 475392.46999999973923, 5928621.839999999850988 ], [ 475392.990000000223517, 5928633.449999999254942 ], [ 475394.709999999962747, 5928672.08 ], [ 475396.759999999776483, 5928752.42 ], [ 475397.400000000372529, 5928807.320000000298023 ], [ 475397.040000000037253, 5928886.75 ], [ 475395.809999999590218, 5928964.0 ], [ 475394.773000000044703, 5929010.221999999135733 ], [ 475394.580000000074506, 5929015.83 ], [ 475394.450000000186265, 5929019.369999999180436 ], [ 475394.190000000409782, 5929026.609999999403954 ], [ 475393.040000000037253, 5929058.140000000596046 ], [ 475391.459999999962747, 5929091.78999999910593 ], [ 475386.330000000074506, 5929178.28999999910593 ], [ 475381.080000000074506, 5929250.810000000521541 ], [ 475376.360000000335276, 5929307.189999999478459 ], [ 475371.769999999552965, 5929349.589999999850988 ], [ 475365.370000000111759, 5929408.630000000819564 ], [ 475355.589999999850988, 5929491.140000000596046 ], [ 475344.809999999590218, 5929569.33 ], [ 475341.21999999973923, 5929594.810000000521541 ], [ 475339.240000000223517, 5929608.92 ], [ 475337.879999999888241, 5929617.199999999254942 ], [ 475334.049999999813735, 5929640.400000000372529 ], [ 475331.019999999552965, 5929658.78999999910593 ], [ 475314.629999999888241, 5929753.570000000298023 ], [ 475296.240000000223517, 5929845.160000000149012 ], [ 475290.679999999701977, 5929870.660000000149012 ], [ 475285.179999999701977, 5929895.900000000372529 ], [ 475283.080000000074506, 5929905.519999999552965 ], [ 475280.070000000298023, 5929918.92 ], [ 475273.269999999552965, 5929949.160000000149012 ], [ 475258.360000000335276, 5930021.199999999254942 ], [ 475240.740000000223517, 5930097.929999999701977 ], [ 475224.559999999590218, 5930170.339999999850988 ], [ 475198.129999999888241, 5930292.220000000670552 ], [ 475190.230000000447035, 5930329.339999999850988 ], [ 475188.299999999813735, 5930338.390000000596046 ], [ 475177.980000000447035, 5930385.199999999254942 ], [ 475151.139999999664724, 5930508.740000000223517 ], [ 475130.830000000074506, 5930599.609999999403954 ], [ 475108.259999999776483, 5930702.42 ], [ 475077.089999999850988, 5930841.949999999254942 ], [ 475073.320000000298023, 5930858.803999999538064 ], [ 475072.650000000372529, 5930861.800000000745058 ], [ 475102.459999999962747, 5930861.939999999478459 ], [ 475113.308000000193715, 5930861.957000000402331 ], [ 475133.582000000402331, 5930861.989 ], [ 475165.879999999888241, 5930862.03999999910593 ], [ 475208.559999999590218, 5930862.03999999910593 ], [ 475247.21999999973923, 5930861.599999999627471 ] ] ] ] } },
{ "type": "Feature", "properties": { "BEZ_BL": "Bremen", "SCH_BL": "04000000", "BEZ_KS": "Bremerhaven", "SCH_KS": "04012000", "BEZ_SB": "Bremerhaven-Süd", "SCH_SB": "04012200", "BEZ_ST": "Wulsdorf", "SCH_ST": "04012240", "SCH_ST_AGS": "040120000240", "FLAECHE": "5.548399265319978" }, "geometry": { "type": "MultiPolygon", "coordinates": [ [ [ [ 473227.269999999552965, 5929934.910000000149012 ], [ 473250.0, 5929932.630000000819564 ], [ 473291.589999999850988, 5929934.089999999850988 ], [ 473323.730000000447035, 5929940.400000000372529 ], [ 473358.197999999858439, 5929950.511 ], [ 473372.440000000409782, 5929955.46000000089407 ], [ 473397.799999999813735, 5929966.71000000089407 ], [ 473412.620000000111759, 5929974.369999999180436 ], [ 473428.129999999888241, 5929983.980000000447035 ], [ 473444.21999999973923, 5929994.990000000223517 ], [ 473454.96999999973923, 5930006.050000000745058 ], [ 473469.509999999776483, 5930017.890000000596046 ], [ 473482.839999999850988, 5930031.21000000089407 ], [ 473499.599999999627471, 5930054.300000000745058 ], [ 473510.379999999888241, 5930068.380000000819564 ], [ 473528.940999999642372, 5930060.781999999657273 ], [ 473533.192999999970198, 5930059.404999999329448 ], [ 473539.993999999947846, 5930057.003000000491738 ], [ 473531.790000000037253, 5930030.929999999701977 ], [ 473525.339999999850988, 5930007.279999999329448 ], [ 473519.929999999701977, 5929981.099999999627471 ], [ 473515.019999999552965, 5929954.279999999329448 ], [ 473511.139999999664724, 5929924.53999999910593 ], [ 473508.650000000372529, 5929895.570000000298023 ], [ 473508.820000000298023, 5929871.179999999701977 ], [ 473509.889999999664724, 5929840.939999999478459 ], [ 473513.25, 5929812.880000000819564 ], [ 473518.129999999888241, 5929782.650000000372529 ], [ 473523.129999999888241, 5929757.5 ], [ 473529.929999999701977, 5929728.92 ], [ 473539.0, 5929699.08 ], [ 473550.629999999888241, 5929667.720000000670552 ], [ 473556.419999999925494, 5929656.17 ], [ 473566.580000000074506, 5929635.070000000298023 ], [ 473583.96999999973923, 5929602.929999999701977 ], [ 473596.709999999962747, 5929581.449999999254942 ], [ 473606.620000000111759, 5929565.820000000298023 ], [ 473632.169999999925494, 5929531.640000000596046 ], [ 473653.150000000372529, 5929506.589999999850988 ], [ 473679.830000000074506, 5929479.279999999329448 ], [ 473709.200000000186265, 5929451.689999999478459 ], [ 473752.292000000365078, 5929409.939999999478459 ], [ 473793.684000000357628, 5929370.630999999120831 ], [ 473841.063000000081956, 5929329.5 ], [ 473928.012000000104308, 5929248.01799999922514 ], [ 473984.540000000037253, 5929196.470000000670552 ], [ 474029.160000000149012, 5929155.17 ], [ 474076.580000000074506, 5929112.339999999850988 ], [ 474111.669999999925494, 5929079.28999999910593 ], [ 474146.490000000223517, 5929042.429999999701977 ], [ 474219.646999999880791, 5928963.446000000461936 ], [ 474264.709999999962747, 5928914.949999999254942 ], [ 474281.370000000111759, 5928896.650000000372529 ], [ 474330.610000000335276, 5928847.83 ], [ 474346.570000000298023, 5928830.939999999478459 ], [ 474366.400000000372529, 5928818.359999999403954 ], [ 474388.78000000026077, 5928802.08 ], [ 474403.019999999552965, 5928792.679999999701977 ], [ 474426.03000000026077, 5928777.03999999910593 ], [ 474446.879999999888241, 5928764.589999999850988 ], [ 474463.269999999552965, 5928757.849999999627471 ], [ 474483.540000000037253, 5928746.720000000670552 ], [ 474514.200000000186265, 5928731.25 ], [ 474525.950000000186265, 5928726.519999999552965 ], [ 474546.099999999627471, 5928719.71000000089407 ], [ 474568.669999999925494, 5928712.300000000745058 ], [ 474585.360000000335276, 5928708.0 ], [ 474606.25, 5928703.609999999403954 ], [ 474627.519999999552965, 5928700.119999999180436 ], [ 474659.080000000074506, 5928697.099999999627471 ], [ 474682.990000000223517, 5928696.42 ], [ 474707.769999999552965, 5928697.279999999329448 ], [ 474731.400000000372529, 5928698.890000000596046 ], [ 474754.269999999552965, 5928701.640000000596046 ], [ 474779.53000000026077, 5928706.189999999478459 ], [ 474806.290000000037253, 5928713.53999999910593 ], [ 474823.259999999776483, 5928720.310000000521541 ], [ 474853.419999999925494, 5928732.019999999552965 ], [ 474878.360000000335276, 5928742.660000000149012 ], [ 474925.957999999634922, 5928767.70299999974668 ], [ 474953.389999999664724, 5928782.349999999627471 ], [ 474976.860000000335276, 5928794.891000000759959 ], [ 475053.339999999850988, 5928835.740000000223517 ], [ 475094.830000000074506, 5928858.349999999627471 ], [ 475121.53000000026077, 5928872.449999999254942 ], [ 475144.950000000186265, 5928885.400000000372529 ], [ 475153.28000000026077, 5928890.009999999776483 ], [ 475183.389999999664724, 5928905.910000000149012 ], [ 475202.490000000223517, 5928916.640000000596046 ], [ 475247.910000000149012, 5928940.560000000521541 ], [ 475301.679999999701977, 5928969.119999999180436 ], [ 475335.049999999813735, 5928987.869999999180436 ], [ 475338.240000000223517, 5928989.660000000149012 ], [ 475365.570000000298023, 5929004.140000000596046 ], [ 475387.580000000074506, 5929015.75 ], [ 475394.450000000186265, 5929019.369999999180436 ], [ 475394.580000000074506, 5929015.83 ], [ 475394.773000000044703, 5929010.221999999135733 ], [ 475395.809999999590218, 5928964.0 ], [ 475397.040000000037253, 5928886.75 ], [ 475397.400000000372529, 5928807.320000000298023 ], [ 475396.759999999776483, 5928752.42 ], [ 475394.709999999962747, 5928672.08 ], [ 475392.990000000223517, 5928633.449999999254942 ], [ 475392.46999999973923, 5928621.839999999850988 ], [ 475391.870000000111759, 5928608.269999999552965 ], [ 475390.169999999925494, 5928571.779999999329448 ], [ 475384.129999999888241, 5928482.390000000596046 ], [ 475380.370000000111759, 5928436.099999999627471 ], [ 475373.820000000298023, 5928360.429999999701977 ], [ 475368.240000000223517, 5928304.589999999850988 ], [ 475364.108, 5928267.53800000064075 ], [ 475363.599999999627471, 5928262.980000000447035 ], [ 475355.540000000037253, 5928200.380000000819564 ], [ 475352.139999999664724, 5928175.660000000149012 ], [ 475351.440000000409782, 5928170.599999999627471 ], [ 475351.218999999575317, 5928168.992000000551343 ], [ 475352.912999999709427, 5928166.996999999508262 ], [ 475364.865000000223517, 5928147.943 ], [ 475375.870000000111759, 5928143.619999999180436 ], [ 475370.660000000149012, 5928089.53999999910593 ], [ 475369.440000000409782, 5928081.631999999284744 ], [ 475366.650000000372529, 5928063.53999999910593 ], [ 475361.950000000186265, 5928028.92 ], [ 475361.150000000372529, 5928023.050000000745058 ], [ 475344.160000000149012, 5927932.070000000298023 ], [ 475341.059999999590218, 5927915.92 ], [ 475338.487999999895692, 5927902.50899999961257 ], [ 475337.410000000149012, 5927896.890000000596046 ], [ 475330.139999999664724, 5927855.589999999850988 ], [ 475329.669999999925494, 5927846.300000000745058 ], [ 475331.349999999627471, 5927839.679999999701977 ], [ 475329.5, 5927824.640000000596046 ], [ 475329.190000000409782, 5927822.099999999627471 ], [ 475335.620000000111759, 5927820.21000000089407 ], [ 475345.46999999973923, 5927815.759999999776483 ], [ 475354.509999999776483, 5927810.759999999776483 ], [ 475365.450000000186265, 5927800.939999999478459 ], [ 475404.139999999664724, 5927764.179999999701977 ], [ 475425.160000000149012, 5927743.880000000819564 ], [ 475431.959999999962747, 5927734.060000000521541 ], [ 475438.389999999664724, 5927721.779999999329448 ], [ 475443.679999999701977, 5927705.339999999850988 ], [ 475461.820000000298023, 5927663.400000000372529 ], [ 475451.209999999962747, 5927633.92 ], [ 475421.549999999813735, 5927554.599999999627471 ], [ 475408.009999999776483, 5927515.92 ], [ 475408.009999999776483, 5927506.890000000596046 ], [ 475409.940000000409782, 5927499.150000000372529 ], [ 475416.309999999590218, 5927492.529999999329448 ], [ 475409.419999999925494, 5927493.349999999627471 ], [ 475382.377999999560416, 5927502.35700000077486 ], [ 475376.11600000038743, 5927504.449999999254942 ], [ 475371.137000000104308, 5927506.109999999403954 ], [ 475293.129999999888241, 5927532.109999999403954 ], [ 475286.416000000201166, 5927512.219000000506639 ], [ 475283.269999999552965, 5927502.900000000372529 ], [ 475278.269999999552965, 5927488.099999999627471 ], [ 475275.519999999552965, 5927479.96000000089407 ], [ 475264.240000000223517, 5927471.5 ], [ 475249.450000000186265, 5927427.109999999403954 ], [ 475228.309999999590218, 5927367.910000000149012 ], [ 475208.570000000298023, 5927305.900000000372529 ], [ 475189.540000000037253, 5927234.720000000670552 ], [ 475183.269999999552965, 5927236.42 ], [ 475162.009999999776483, 5927242.199999999254942 ], [ 475154.716000000014901, 5927244.311000000685453 ], [ 475148.120000000111759, 5927246.220000000670552 ], [ 475141.722000000067055, 5927247.886 ], [ 475121.889999999664724, 5927253.050000000745058 ], [ 475121.190000000409782, 5927261.509999999776483 ], [ 475119.78000000026077, 5927274.189999999478459 ], [ 475114.139999999664724, 5927289.689999999478459 ], [ 475105.690000000409782, 5927303.779999999329448 ], [ 475098.589999999850988, 5927315.160000000149012 ], [ 475094.703999999910593, 5927310.688999999314547 ], [ 475087.639999999664724, 5927302.560000000521541 ], [ 475008.870000000111759, 5927211.740000000223517 ], [ 474994.070000000298023, 5927191.279999999329448 ], [ 474967.849999999627471, 5927161.58 ], [ 474922.809999999590218, 5927110.570000000298023 ], [ 474832.049999999813735, 5927004.570000000298023 ], [ 474775.910000000149012, 5926938.970000000670552 ], [ 474773.549999999813735, 5926932.589999999850988 ], [ 474699.379999999888241, 5926890.099999999627471 ], [ 474691.78000000026077, 5926886.849999999627471 ], [ 474590.21999999973923, 5926837.599999999627471 ], [ 474564.179999999701977, 5926824.529999999329448 ], [ 474537.759999999776483, 5926809.660000000149012 ], [ 474521.309999999590218, 5926803.410000000149012 ], [ 474508.589999999850988, 5926797.199999999254942 ], [ 474463.830000000074506, 5926771.630000000819564 ], [ 474405.139999999664724, 5926741.33 ], [ 474392.610000000335276, 5926735.490000000223517 ], [ 474381.639999999664724, 5926727.890000000596046 ], [ 474323.240000000223517, 5926696.21000000089407 ], [ 474303.78000000026077, 5926685.359999999403954 ], [ 474162.25, 5926625.78999999910593 ], [ 474154.860000000335276, 5926574.859999999403954 ], [ 474084.709999999962747, 5926568.070000000298023 ], [ 473961.259999999776483, 5926559.349999999627471 ], [ 473833.009999999776483, 5926548.08 ], [ 473680.519999999552965, 5926535.439999999478459 ], [ 473683.509999999776483, 5926506.78999999910593 ], [ 473694.269999999552965, 5926458.320000000298023 ], [ 473698.120000000111759, 5926443.279999999329448 ], [ 473697.509999999776483, 5926437.970000000670552 ], [ 473696.929999999701977, 5926432.96000000089407 ], [ 473691.117999999783933, 5926376.121999999508262 ], [ 473685.25, 5926318.740000000223517 ], [ 473676.669999999925494, 5926239.279999999329448 ], [ 473674.339999999850988, 5926219.929999999701977 ], [ 473671.889999999664724, 5926222.679999999701977 ], [ 473656.570000000298023, 5926230.410000000149012 ], [ 473641.339999999850988, 5926238.240000000223517 ], [ 473651.46999999973923, 5926342.619999999180436 ], [ 473655.339999999850988, 5926374.650000000372529 ], [ 473661.559999999590218, 5926436.660000000149012 ], [ 473663.28000000026077, 5926486.970000000670552 ], [ 473660.160000000149012, 5926529.46000000089407 ], [ 473650.519999999552965, 5926617.689999999478459 ], [ 473645.929999999701977, 5926655.529999999329448 ], [ 473633.559999999590218, 5926666.699999999254942 ], [ 473517.419999999925494, 5926844.890000000596046 ], [ 473477.929999999701977, 5926898.970000000670552 ], [ 473467.63300000037998, 5926913.857999999076128 ], [ 473462.809999999590218, 5926920.83 ], [ 473368.803000000305474, 5927056.849999999627471 ], [ 473364.209999999962747, 5927063.494999999180436 ], [ 473359.120000000111759, 5927070.859999999403954 ], [ 473349.713999999687076, 5927083.486999999731779 ], [ 473316.240000000223517, 5927128.42 ], [ 473228.690000000409782, 5927268.869999999180436 ], [ 473204.440000000409782, 5927329.769999999552965 ], [ 473196.25, 5927365.349999999627471 ], [ 473143.459999999962747, 5927688.480000000447035 ], [ 473142.129999999888241, 5927716.67 ], [ 473140.200000000186265, 5927732.439999999478459 ], [ 473134.417000000365078, 5927771.687000000849366 ], [ 473109.169999999925494, 5927943.130000000819564 ], [ 473098.900000000372529, 5928010.869999999180436 ], [ 473095.610000000335276, 5928037.007999999448657 ], [ 473094.549999999813735, 5928045.429999999701977 ], [ 473090.110000000335276, 5928075.490000000223517 ], [ 473079.269999999552965, 5928154.470000000670552 ], [ 473074.0, 5928207.720000000670552 ], [ 473068.5, 5928248.130000000819564 ], [ 473058.950000000186265, 5928331.310000000521541 ], [ 473055.910000000149012, 5928330.609999999403954 ], [ 473050.259999999776483, 5928370.640000000596046 ], [ 473035.519999999552965, 5928469.259999999776483 ], [ 473028.330000000074506, 5928520.599999999627471 ], [ 473019.730000000447035, 5928580.199999999254942 ], [ 473018.839999999850988, 5928586.880000000819564 ], [ 473015.120000000111759, 5928615.019999999552965 ], [ 473007.549999999813735, 5928664.070000000298023 ], [ 473000.230000000447035, 5928718.589999999850988 ], [ 472992.799999999813735, 5928765.609999999403954 ], [ 472988.049999999813735, 5928802.08 ], [ 472972.53000000026077, 5928908.189999999478459 ], [ 472965.410000000149012, 5928961.769999999552965 ], [ 472957.720999999903142, 5928965.425000000745058 ], [ 472945.206000000238419, 5929058.299000000581145 ], [ 472930.389999999664724, 5929163.338999999687076 ], [ 472925.361999999731779, 5929189.79700000025332 ], [ 472918.059999999590218, 5929215.17 ], [ 472910.889999999664724, 5929238.220000000670552 ], [ 472900.299999999813735, 5929267.42 ], [ 472885.129999999888241, 5929312.980000000447035 ], [ 472871.599999999627471, 5929354.369999999180436 ], [ 472857.570000000298023, 5929396.380000000819564 ], [ 472845.080000000074506, 5929433.189999999478459 ], [ 472834.064000000245869, 5929464.173000000417233 ], [ 472825.006000000052154, 5929493.48200000077486 ], [ 472820.71999999973923, 5929512.214999999850988 ], [ 472817.889999999664724, 5929531.310000000521541 ], [ 472811.25, 5929549.58 ], [ 472778.433000000193715, 5929649.826999999582767 ], [ 472768.622000000439584, 5929678.631999999284744 ], [ 472741.990000000223517, 5929756.470000000670552 ], [ 472718.129999999888241, 5929829.83 ], [ 472694.53000000026077, 5929901.28999999910593 ], [ 472678.589999999850988, 5929944.949999999254942 ], [ 472673.339999999850988, 5929956.949999999254942 ], [ 472656.67200000025332, 5929998.792999999597669 ], [ 472679.453999999910593, 5930010.780999999493361 ], [ 472686.798000000417233, 5930013.403999999165535 ], [ 472700.609000000171363, 5930020.006999999284744 ], [ 472711.389999999664724, 5930026.971999999135733 ], [ 472719.326999999582767, 5930034.751000000163913 ], [ 472722.162999999709427, 5930038.449999999254942 ], [ 472723.501000000163913, 5930040.195000000298023 ], [ 472726.629999999888241, 5930044.276000000536442 ], [ 472732.503999999724329, 5930054.436000000685453 ], [ 472737.74199999962002, 5930064.596000000834465 ], [ 472744.092000000178814, 5930079.041999999433756 ], [ 472754.832999999634922, 5930113.951999999582767 ], [ 472758.900000000372529, 5930129.0 ], [ 472761.679999999701977, 5930139.929999999701977 ], [ 472763.839999999850988, 5930146.779999999329448 ], [ 472769.853000000119209, 5930202.092000000178814 ], [ 472771.400000000372529, 5930215.099999999627471 ], [ 472766.669999999925494, 5930236.17 ], [ 472766.049999999813735, 5930270.880000000819564 ], [ 472766.349999999627471, 5930285.5 ], [ 472769.570000000298023, 5930302.0 ], [ 472771.014999999664724, 5930306.218000000342727 ], [ 472776.75, 5930322.949999999254942 ], [ 472786.230000000447035, 5930354.189999999478459 ], [ 472789.730000000447035, 5930364.83 ], [ 472807.042000000365078, 5930348.474999999627471 ], [ 472838.820000000298023, 5930296.5 ], [ 472843.549999999813735, 5930291.189999999478459 ], [ 472849.885999999940395, 5930285.364 ], [ 472857.854000000283122, 5930278.769999999552965 ], [ 472878.660000000149012, 5930235.359999999403954 ], [ 472896.099999999627471, 5930206.869999999180436 ], [ 472923.25, 5930164.527000000700355 ], [ 472924.543999999761581, 5930162.56900000013411 ], [ 472979.292999999597669, 5930079.697000000625849 ], [ 472994.507000000216067, 5930060.515000000596046 ], [ 473016.996000000275671, 5930039.678999999538064 ], [ 473036.178000000305474, 5930024.796 ], [ 473091.669999999925494, 5929989.279999999329448 ], [ 473107.940000000409782, 5929977.949999999254942 ], [ 473136.75, 5929959.939999999478459 ], [ 473166.259999999776483, 5929949.17 ], [ 473197.959999999962747, 5929940.630000000819564 ], [ 473210.410000000149012, 5929937.429999999701977 ], [ 473227.269999999552965, 5929934.910000000149012 ] ] ] ] } },
{ "type": "Feature", "properties": { "BEZ_BL": "Bremen", "SCH_BL": "04000000", "BEZ_KS": "Bremerhaven", "SCH_KS": "04012000", "BEZ_SB": "Bremerhaven-Süd", "SCH_SB": "04012200", "BEZ_ST": "Fischereihafen", "SCH_ST": "04012250", "SCH_ST_AGS": "040120000250", "FLAECHE": "24.975081068318108" }, "geometry": { "type": "MultiPolygon", "coordinates": [ [ [ [ 471832.375, 5931862.525000000372529 ], [ 471836.713999999687076, 5931861.255000000819564 ], [ 471843.976999999955297, 5931862.605000000447035 ], [ 471852.072999999858439, 5931864.668999999761581 ], [ 471857.543999999761581, 5931862.495999999344349 ], [ 471857.406999999657273, 5931861.475999999791384 ], [ 471855.150000000372529, 5931844.640000000596046 ], [ 471856.580000000074506, 5931825.970000000670552 ], [ 471860.429999999701977, 5931808.320000000298023 ], [ 471864.269999999552965, 5931791.679999999701977 ], [ 471873.240000000223517, 5931753.720000000670552 ], [ 471848.512000000104308, 5931647.032999999821186 ], [ 471835.533999999985099, 5931590.081000000238419 ], [ 471823.627999999560416, 5931537.16499999910593 ], [ 471820.45299999974668, 5931522.347999999299645 ], [ 471816.484000000171363, 5931502.768999999389052 ], [ 471805.900999999605119, 5931485.30599999986589 ], [ 471795.847000000067055, 5931465.727 ], [ 471793.730000000447035, 5931461.494000000879169 ], [ 471793.995000000111759, 5931455.407999999821186 ], [ 471797.699000000022352, 5931449.058000000193715 ], [ 471802.99100000038743, 5931442.44400000013411 ], [ 471806.429999999701977, 5931435.563999999314547 ], [ 471808.860000000335276, 5931424.939999999478459 ], [ 471807.230000000447035, 5931412.359999999403954 ], [ 471805.599999999627471, 5931405.029999999329448 ], [ 471799.910000000149012, 5931379.439999999478459 ], [ 471792.5, 5931348.070000000298023 ], [ 471797.851999999955297, 5931346.972999999299645 ], [ 471824.985999999567866, 5931341.411000000312924 ], [ 471837.542999999597669, 5931338.837999999523163 ], [ 471840.127000000327826, 5931338.308000000193715 ], [ 471842.309999999590218, 5931337.859999999403954 ], [ 471898.169999999925494, 5931324.599999999627471 ], [ 471900.379999999888241, 5931324.199999999254942 ], [ 472039.660000000149012, 5931284.009999999776483 ], [ 472050.099999999627471, 5931288.839999999850988 ], [ 472056.96999999973923, 5931293.140000000596046 ], [ 472071.0, 5931311.92 ], [ 472106.589999999850988, 5931363.300000000745058 ], [ 472146.009999999776483, 5931419.630000000819564 ], [ 472175.610000000335276, 5931460.730000000447035 ], [ 472217.839999999850988, 5931521.759999999776483 ], [ 472266.110000000335276, 5931515.92 ], [ 472290.273000000044703, 5931577.21000000089407 ], [ 472330.026999999769032, 5931702.553999999538064 ], [ 472333.259999999776483, 5931689.304999999701977 ], [ 472336.683000000193715, 5931690.065999999642372 ], [ 472350.99199999962002, 5931643.333000000566244 ], [ 472370.980000000447035, 5931578.050000000745058 ], [ 472374.517, 5931565.764000000432134 ], [ 472418.290000000037253, 5931413.730000000447035 ], [ 472460.950000000186265, 5931266.689999999478459 ], [ 472466.217000000178814, 5931247.280999999493361 ], [ 472470.99100000038743, 5931248.176000000908971 ], [ 472476.262000000104308, 5931250.364 ], [ 472503.11600000038743, 5931268.764000000432134 ], [ 472513.260999999940395, 5931253.845000000670552 ], [ 472514.71100000012666, 5931253.227 ], [ 472530.526999999769032, 5931197.179999999701977 ], [ 472570.743999999947846, 5931056.950999999418855 ], [ 472580.860000000335276, 5931029.480000000447035 ], [ 472597.912999999709427, 5930996.524000000208616 ], [ 472613.707000000402331, 5930962.816999999806285 ], [ 472622.95299999974668, 5930942.015000000596046 ], [ 472628.730999999679625, 5930925.64299999922514 ], [ 472674.19400000013411, 5930764.82799999974668 ], [ 472676.759999999776483, 5930755.83 ], [ 472681.434000000357628, 5930741.778000000864267 ], [ 472684.713999999687076, 5930731.912000000476837 ], [ 472719.950000000186265, 5930605.390000000596046 ], [ 472720.309999999590218, 5930596.880000000819564 ], [ 472715.200000000186265, 5930589.259999999776483 ], [ 472684.440000000409782, 5930563.78999999910593 ], [ 472721.259999999776483, 5930496.410000000149012 ], [ 472769.031999999657273, 5930404.630999999120831 ], [ 472789.730000000447035, 5930364.83 ], [ 472786.230000000447035, 5930354.189999999478459 ], [ 472776.75, 5930322.949999999254942 ], [ 472771.014999999664724, 5930306.218000000342727 ], [ 472769.570000000298023, 5930302.0 ], [ 472766.349999999627471, 5930285.5 ], [ 472766.049999999813735, 5930270.880000000819564 ], [ 472766.669999999925494, 5930236.17 ], [ 472771.400000000372529, 5930215.099999999627471 ], [ 472769.853000000119209, 5930202.092000000178814 ], [ 472763.839999999850988, 5930146.779999999329448 ], [ 472761.679999999701977, 5930139.929999999701977 ], [ 472758.900000000372529, 5930129.0 ], [ 472754.832999999634922, 5930113.951999999582767 ], [ 472744.092000000178814, 5930079.041999999433756 ], [ 472737.74199999962002, 5930064.596000000834465 ], [ 472732.503999999724329, 5930054.436000000685453 ], [ 472726.629999999888241, 5930044.276000000536442 ], [ 472723.501000000163913, 5930040.195000000298023 ], [ 472722.162999999709427, 5930038.449999999254942 ], [ 472719.326999999582767, 5930034.751000000163913 ], [ 472711.389999999664724, 5930026.971999999135733 ], [ 472700.609000000171363, 5930020.006999999284744 ], [ 472686.798000000417233, 5930013.403999999165535 ], [ 472679.453999999910593, 5930010.780999999493361 ], [ 472656.67200000025332, 5929998.792999999597669 ], [ 472673.339999999850988, 5929956.949999999254942 ], [ 472678.589999999850988, 5929944.949999999254942 ], [ 472694.53000000026077, 5929901.28999999910593 ], [ 472718.129999999888241, 5929829.83 ], [ 472741.990000000223517, 5929756.470000000670552 ], [ 472768.622000000439584, 5929678.631999999284744 ], [ 472778.433000000193715, 5929649.826999999582767 ], [ 472811.25, 5929549.58 ], [ 472817.889999999664724, 5929531.310000000521541 ], [ 472820.71999999973923, 5929512.214999999850988 ], [ 472825.006000000052154, 5929493.48200000077486 ], [ 472834.064000000245869, 5929464.173000000417233 ], [ 472845.080000000074506, 5929433.189999999478459 ], [ 472857.570000000298023, 5929396.380000000819564 ], [ 472871.599999999627471, 5929354.369999999180436 ], [ 472885.129999999888241, 5929312.980000000447035 ], [ 472900.299999999813735, 5929267.42 ], [ 472910.889999999664724, 5929238.220000000670552 ], [ 472918.059999999590218, 5929215.17 ], [ 472925.361999999731779, 5929189.79700000025332 ], [ 472930.389999999664724, 5929163.338999999687076 ], [ 472945.206000000238419, 5929058.299000000581145 ], [ 472957.720999999903142, 5928965.425000000745058 ], [ 472965.410000000149012, 5928961.769999999552965 ], [ 472972.53000000026077, 5928908.189999999478459 ], [ 472988.049999999813735, 5928802.08 ], [ 472992.799999999813735, 5928765.609999999403954 ], [ 473000.230000000447035, 5928718.589999999850988 ], [ 473007.549999999813735, 5928664.070000000298023 ], [ 473015.120000000111759, 5928615.019999999552965 ], [ 473018.839999999850988, 5928586.880000000819564 ], [ 473019.730000000447035, 5928580.199999999254942 ], [ 473028.330000000074506, 5928520.599999999627471 ], [ 473035.519999999552965, 5928469.259999999776483 ], [ 473050.259999999776483, 5928370.640000000596046 ], [ 473055.910000000149012, 5928330.609999999403954 ], [ 473058.950000000186265, 5928331.310000000521541 ], [ 473068.5, 5928248.130000000819564 ], [ 473074.0, 5928207.720000000670552 ], [ 473079.269999999552965, 5928154.470000000670552 ], [ 473090.110000000335276, 5928075.490000000223517 ], [ 473094.549999999813735, 5928045.429999999701977 ], [ 473095.610000000335276, 5928037.007999999448657 ], [ 473098.900000000372529, 5928010.869999999180436 ], [ 473109.169999999925494, 5927943.130000000819564 ], [ 473134.417000000365078, 5927771.687000000849366 ], [ 473140.200000000186265, 5927732.439999999478459 ], [ 473142.129999999888241, 5927716.67 ], [ 473143.459999999962747, 5927688.480000000447035 ], [ 473196.25, 5927365.349999999627471 ], [ 473204.440000000409782, 5927329.769999999552965 ], [ 473228.690000000409782, 5927268.869999999180436 ], [ 473316.240000000223517, 5927128.42 ], [ 473349.713999999687076, 5927083.486999999731779 ], [ 473359.120000000111759, 5927070.859999999403954 ], [ 473364.209999999962747, 5927063.494999999180436 ], [ 473368.803000000305474, 5927056.849999999627471 ], [ 473462.809999999590218, 5926920.83 ], [ 473467.63300000037998, 5926913.857999999076128 ], [ 473477.929999999701977, 5926898.970000000670552 ], [ 473517.419999999925494, 5926844.890000000596046 ], [ 473633.559999999590218, 5926666.699999999254942 ], [ 473645.929999999701977, 5926655.529999999329448 ], [ 473650.519999999552965, 5926617.689999999478459 ], [ 473660.160000000149012, 5926529.46000000089407 ], [ 473663.28000000026077, 5926486.970000000670552 ], [ 473661.559999999590218, 5926436.660000000149012 ], [ 473655.339999999850988, 5926374.650000000372529 ], [ 473651.46999999973923, 5926342.619999999180436 ], [ 473641.339999999850988, 5926238.240000000223517 ], [ 473636.733, 5926240.094000000506639 ], [ 473620.019999999552965, 5926246.820000000298023 ], [ 473608.75, 5926250.560000000521541 ], [ 473603.769999999552965, 5926252.21000000089407 ], [ 473599.877000000327826, 5926254.136 ], [ 473587.129999999888241, 5926255.820000000298023 ], [ 473573.669999999925494, 5926256.25 ], [ 473563.769999999552965, 5926260.089999999850988 ], [ 473544.240000000223517, 5926273.099999999627471 ], [ 473523.950000000186265, 5926285.490000000223517 ], [ 473513.03000000026077, 5926289.199999999254942 ], [ 473502.379999999888241, 5926292.53999999910593 ], [ 473479.400000000372529, 5926299.599999999627471 ], [ 473459.620000000111759, 5926311.740000000223517 ], [ 473453.099999999627471, 5926314.63399999961257 ], [ 473448.940000000409782, 5926316.480000000447035 ], [ 473440.070000000298023, 5926320.429999999701977 ], [ 473431.683000000193715, 5926324.381999999284744 ], [ 473426.169999999925494, 5926326.980000000447035 ], [ 473418.389999999664724, 5926334.349999999627471 ], [ 473407.230000000447035, 5926338.699999999254942 ], [ 473380.070000000298023, 5926348.060000000521541 ], [ 473356.589999999850988, 5926357.529999999329448 ], [ 473342.75, 5926363.17 ], [ 473331.080000000074506, 5926368.160000000149012 ], [ 473313.830000000074506, 5926375.83 ], [ 473297.320000000298023, 5926379.820000000298023 ], [ 473285.629999999888241, 5926378.720000000670552 ], [ 473272.400000000372529, 5926375.71000000089407 ], [ 473263.639999999664724, 5926376.5 ], [ 473251.820000000298023, 5926378.189999999478459 ], [ 473239.360000000335276, 5926376.71000000089407 ], [ 473224.110000000335276, 5926374.730000000447035 ], [ 473220.28000000026077, 5926371.189999999478459 ], [ 473207.830000000074506, 5926368.939999999478459 ], [ 473193.96999999973923, 5926368.740000000223517 ], [ 473169.190000000409782, 5926369.33 ], [ 473148.990000000223517, 5926370.029999999329448 ], [ 473130.070000000298023, 5926372.5 ], [ 473114.570000000298023, 5926376.109999999403954 ], [ 473095.269999999552965, 5926378.08 ], [ 473084.46999999973923, 5926378.240000000223517 ], [ 473065.0, 5926370.560000000521541 ], [ 473052.650000000372529, 5926362.849999999627471 ], [ 473035.089999999850988, 5926354.019999999552965 ], [ 473024.230000000447035, 5926338.179999999701977 ], [ 473011.629999999888241, 5926333.140000000596046 ], [ 472975.682000000029802, 5926322.50899999961257 ], [ 472958.570000000298023, 5926333.21000000089407 ], [ 472945.709999999962747, 5926340.429999999701977 ], [ 472935.099999999627471, 5926344.769999999552965 ], [ 472930.589999999850988, 5926334.33 ], [ 472922.129999999888241, 5926319.83 ], [ 472923.546000000089407, 5926300.855000000447035 ], [ 472925.480000000447035, 5926293.060000000521541 ], [ 472919.879999999888241, 5926288.300000000745058 ], [ 472912.919999999925494, 5926287.009999999776483 ], [ 472909.25, 5926289.070000000298023 ], [ 472905.450000000186265, 5926293.349999999627471 ], [ 472897.919999999925494, 5926302.359999999403954 ], [ 472888.990000000223517, 5926305.609999999403954 ], [ 472880.75, 5926308.33 ], [ 472835.730000000447035, 5926325.759999999776483 ], [ 472786.980000000447035, 5926346.140000000596046 ], [ 472774.809999999590218, 5926351.070000000298023 ], [ 472768.549999999813735, 5926353.53999999910593 ], [ 472668.410000000149012, 5926391.660000000149012 ], [ 472654.540000000037253, 5926397.279999999329448 ], [ 472644.509999999776483, 5926401.349999999627471 ], [ 472600.726999999955297, 5926420.91300000064075 ], [ 472553.419999999925494, 5926442.050000000745058 ], [ 472519.820000000298023, 5926449.160000000149012 ], [ 472475.240000000223517, 5926453.029999999329448 ], [ 472473.349999999627471, 5926455.599999999627471 ], [ 472461.135999999940395, 5926472.206000000238419 ], [ 472450.049999999813735, 5926487.279999999329448 ], [ 472438.580000000074506, 5926509.140000000596046 ], [ 472430.169999999925494, 5926525.150000000372529 ], [ 472399.950000000186265, 5926516.410000000149012 ], [ 472309.110000000335276, 5926476.880000000819564 ], [ 472185.941999999806285, 5926406.282999999821186 ], [ 472139.714999999850988, 5926385.969000000506639 ], [ 472077.378999999724329, 5926369.323000000789762 ], [ 472038.065000000409782, 5926369.323000000789762 ], [ 471965.593000000342727, 5926387.382999999448657 ], [ 471909.700000000186265, 5926400.280999999493361 ], [ 471876.627000000327826, 5926415.494999999180436 ], [ 471845.207999999634922, 5926436.331000000238419 ], [ 471817.095999999903142, 5926466.096999999135733 ], [ 471807.834999999962747, 5926479.325999999418855 ], [ 471795.928999999538064, 5926512.068 ], [ 471785.345999999903142, 5926560.685000000521541 ], [ 471770.076999999582767, 5926615.790999999269843 ], [ 471750.017, 5926665.149000000208616 ], [ 471728.669999999925494, 5926713.310000000521541 ], [ 471717.080000000074506, 5926704.58 ], [ 471713.230000000447035, 5926702.46000000089407 ], [ 471708.179999999701977, 5926695.279999999329448 ], [ 471702.918999999761581, 5926684.562999999150634 ], [ 471700.870000000111759, 5926680.390000000596046 ], [ 471695.96999999973923, 5926675.619999999180436 ], [ 471680.980000000447035, 5926666.279999999329448 ], [ 471660.070000000298023, 5926651.820000000298023 ], [ 471654.160000000149012, 5926646.429999999701977 ], [ 471643.96999999973923, 5926635.369999999180436 ], [ 471638.099999999627471, 5926623.130000000819564 ], [ 471630.96999999973923, 5926612.550000000745058 ], [ 471623.620000000111759, 5926605.029999999329448 ], [ 471607.53000000026077, 5926605.130000000819564 ], [ 471581.940000000409782, 5926638.910000000149012 ], [ 471554.53000000026077, 5926675.929999999701977 ], [ 471539.509999999776483, 5926665.119999999180436 ], [ 471537.394000000320375, 5926663.525000000372529 ], [ 471528.824000000022352, 5926657.064999999478459 ], [ 471509.065000000409782, 5926642.171 ], [ 471465.912999999709427, 5926609.644999999552965 ], [ 471395.379999999888241, 5926556.480000000447035 ], [ 471372.601999999955297, 5926540.183000000193715 ], [ 471363.21999999973923, 5926534.310000000521541 ], [ 471261.230000000447035, 5926479.980000000447035 ], [ 471188.049999999813735, 5926441.179999999701977 ], [ 471177.339999999850988, 5926436.042999999597669 ], [ 471076.040000000037253, 5926395.769999999552965 ], [ 471015.958999999798834, 5926371.403999999165535 ], [ 471000.440000000409782, 5926365.109999999403954 ], [ 470997.025999999605119, 5926362.960999999195337 ], [ 470959.75800000037998, 5926349.233999999240041 ], [ 470937.783999999985099, 5926341.141000000759959 ], [ 470911.870000000111759, 5926330.849999999627471 ], [ 470846.709999999962747, 5926306.279999999329448 ], [ 470831.059999999590218, 5926300.380000000819564 ], [ 470737.139999999664724, 5926264.33 ], [ 470718.065000000409782, 5926257.012000000104308 ], [ 470704.559999999590218, 5926251.83 ], [ 470691.559999999590218, 5926246.730000000447035 ], [ 470565.099999999627471, 5926197.109999999403954 ], [ 470537.259999999776483, 5926186.189999999478459 ], [ 470433.049999999813735, 5926148.490000000223517 ], [ 470288.910000000149012, 5926103.03999999910593 ], [ 470163.629999999888241, 5926065.349999999627471 ], [ 470044.150000000372529, 5926037.990000000223517 ], [ 470005.838000000454485, 5926029.41300000064075 ], [ 469928.21999999973923, 5926012.810000000521541 ], [ 469877.076999999582767, 5926002.183000000193715 ], [ 469803.290000000037253, 5925986.849999999627471 ], [ 469785.317999999970198, 5925979.979000000283122 ], [ 469778.298999999649823, 5925977.296 ], [ 469765.65500000026077, 5925974.781999999657273 ], [ 469714.417999999597669, 5925964.478000000119209 ], [ 469697.706000000238419, 5925961.117000000551343 ], [ 469686.933000000193715, 5925959.271999999880791 ], [ 469646.713000000454485, 5925952.417999999597669 ], [ 469602.36699999962002, 5925943.889000000432134 ], [ 469552.916000000201166, 5925934.929999999701977 ], [ 469548.781000000424683, 5925932.653999999165535 ], [ 469522.365000000223517, 5925922.623999999836087 ], [ 469500.807000000029802, 5925917.719000000506639 ], [ 469469.799999999813735, 5925908.776000000536442 ], [ 469465.143000000156462, 5925907.433000000193715 ], [ 469423.212000000290573, 5925889.748999999836087 ], [ 469413.125, 5925883.505000000819564 ], [ 469409.002999999560416, 5925882.879000000655651 ], [ 469406.315000000409782, 5925882.558000000193715 ], [ 469444.889999999664724, 5925830.350999999791384 ], [ 469441.199000000022352, 5925828.562999999150634 ], [ 469430.395999999716878, 5925823.277000000700355 ], [ 469386.506000000052154, 5925801.856000000610948 ], [ 469375.769000000320375, 5925796.61600000038743 ], [ 469343.713999999687076, 5925780.971000000834465 ], [ 469335.504999999888241, 5925771.43099999986589 ], [ 469332.589999999850988, 5925770.813999999314547 ], [ 469330.309000000357628, 5925775.95299999974668 ], [ 469317.849999999627471, 5925793.570000000298023 ], [ 469232.040000000037253, 5925791.060000000521541 ], [ 469048.589999999850988, 5925784.140000000596046 ], [ 468953.059999999590218, 5925795.220000000670552 ], [ 468902.40500000026077, 5925799.732999999076128 ], [ 468899.432000000029802, 5925799.997999999672174 ], [ 468883.139999999664724, 5925801.449999999254942 ], [ 468848.879999999888241, 5925800.400000000372529 ], [ 468838.150000000372529, 5925800.070000000298023 ], [ 468793.839999999850988, 5925793.150000000372529 ], [ 468735.0, 5925768.92 ], [ 468721.879999999888241, 5925763.029999999329448 ], [ 468714.929999999701977, 5925759.910000000149012 ], [ 468685.849999999627471, 5925739.839999999850988 ], [ 468623.089999999850988, 5925695.96000000089407 ], [ 468586.860000000335276, 5925670.619999999180436 ], [ 468552.940000000409782, 5925646.390000000596046 ], [ 468497.169999999925494, 5925609.980000000447035 ], [ 468467.089999999850988, 5925590.320000000298023 ], [ 468420.669999999925494, 5925557.720000000670552 ], [ 468408.940000000409782, 5925549.480000000447035 ], [ 468354.950000000186265, 5925506.560000000521541 ], [ 468350.759999999776483, 5925502.179999999701977 ], [ 468339.71999999973923, 5925490.640000000596046 ], [ 468310.128999999724329, 5925457.267000000923872 ], [ 468280.179999999701977, 5925423.490000000223517 ], [ 468270.160000000149012, 5925413.890000000596046 ], [ 468214.419999999925494, 5925360.5 ], [ 468205.589999999850988, 5925350.880000000819564 ], [ 468157.38300000037998, 5925298.458000000566244 ], [ 468151.381000000052154, 5925291.784 ], [ 468144.169999999925494, 5925283.92 ], [ 468139.410000000149012, 5925273.839999999850988 ], [ 468093.807000000029802, 5925209.400000000372529 ], [ 468041.910000000149012, 5925136.08 ], [ 468039.660000000149012, 5925133.21000000089407 ], [ 467983.349999999627471, 5925061.96000000089407 ], [ 467974.089999999850988, 5925050.25 ], [ 467958.304999999701977, 5925037.243000000715256 ], [ 467947.330000000074506, 5925028.199999999254942 ], [ 467940.740000000223517, 5925033.910000000149012 ], [ 467930.940000000409782, 5925048.33 ], [ 467828.910000000149012, 5925218.740000000223517 ], [ 467812.259999999776483, 5925242.349999999627471 ], [ 467792.879999999888241, 5925257.96000000089407 ], [ 467764.269999999552965, 5925270.67 ], [ 467755.946000000461936, 5925272.414000000804663 ], [ 467753.980999999679625, 5925272.825999999418855 ], [ 467747.139999999664724, 5925274.259999999776483 ], [ 467744.872999999672174, 5925274.369000000879169 ], [ 467729.940000000409782, 5925275.089999999850988 ], [ 467712.070000000298023, 5925273.589999999850988 ], [ 467686.860000000335276, 5925270.58 ], [ 467663.309999999590218, 5925268.58 ], [ 467560.131000000052154, 5925256.902000000700355 ], [ 467522.650000000372529, 5925252.660000000149012 ], [ 467503.990000000223517, 5925253.050000000745058 ], [ 467488.870000000111759, 5925255.369999999180436 ], [ 467474.120000000111759, 5925263.720000000670552 ], [ 467460.080000000074506, 5925274.970000000670552 ], [ 467455.21999999973923, 5925274.929999999701977 ], [ 467453.782999999821186, 5925274.893999999389052 ], [ 467451.589999999850988, 5925274.839999999850988 ], [ 467430.25, 5925239.779999999329448 ], [ 467412.480000000447035, 5925210.58 ], [ 467406.290000000037253, 5925199.509999999776483 ], [ 467400.950000000186265, 5925194.179999999701977 ], [ 467398.28000000026077, 5925174.17 ], [ 467391.644000000320375, 5925166.704 ], [ 467376.940000000409782, 5925150.160000000149012 ], [ 467334.259999999776483, 5925091.470000000670552 ], [ 467304.910000000149012, 5925052.779999999329448 ], [ 467279.570000000298023, 5925012.769999999552965 ], [ 467268.889999999664724, 5924984.75 ], [ 467236.870000000111759, 5924900.720000000670552 ], [ 467208.860000000335276, 5924834.019999999552965 ], [ 467195.519999999552965, 5924808.67 ], [ 467122.160000000149012, 5924810.009999999776483 ], [ 466963.419999999925494, 5924834.029999999329448 ], [ 466919.559999999590218, 5924841.509999999776483 ], [ 466908.730000000447035, 5924843.359999999403954 ], [ 466902.299999999813735, 5924844.557 ], [ 466640.851999999955297, 5924889.948000000789762 ], [ 466588.279000000096858, 5924899.179999999701977 ], [ 466548.111999999731779, 5924906.232999999076128 ], [ 466320.730000000447035, 5924947.679999999701977 ], [ 466322.349999999627471, 5925244.519999999552965 ], [ 466489.148000000044703, 5925727.068 ], [ 466610.490000000223517, 5926078.109999999403954 ], [ 466741.950000000186265, 5926449.929999999701977 ], [ 466810.509999999776483, 5926643.839999999850988 ], [ 466940.179999999701977, 5927016.400000000372529 ], [ 467064.629999999888241, 5927225.140000000596046 ], [ 467093.339999999850988, 5927274.480000000447035 ], [ 467143.480000000447035, 5927341.130000000819564 ], [ 467195.200000000186265, 5927412.390000000596046 ], [ 467397.240000000223517, 5927690.78999999910593 ], [ 467547.179999999701977, 5927897.400000000372529 ], [ 467712.410000000149012, 5928057.980000000447035 ], [ 467820.120000000111759, 5928165.119999999180436 ], [ 467845.309999999590218, 5928190.179999999701977 ], [ 467870.156999999657273, 5928207.941999999806285 ], [ 468686.441999999806285, 5928802.774000000208616 ], [ 469033.639999999664724, 5929056.730000000447035 ], [ 469847.53000000026077, 5929512.25 ], [ 469929.730000000447035, 5929558.259999999776483 ], [ 470340.080000000074506, 5929788.689999999478459 ], [ 470226.798999999649823, 5929945.534 ], [ 470131.235999999567866, 5930077.846000000834465 ], [ 470098.370000000111759, 5930123.349999999627471 ], [ 470033.934999999590218, 5930212.562999999150634 ], [ 470176.875, 5930307.565999999642372 ], [ 470315.968000000342727, 5930446.902000000700355 ], [ 470431.048999999649823, 5930588.896999999880791 ], [ 470478.669999999925494, 5930673.109999999403954 ], [ 470485.224000000394881, 5930683.723999999463558 ], [ 470540.980999999679625, 5930774.030999999493361 ], [ 470550.196999999694526, 5930788.958000000566244 ], [ 470553.828999999910593, 5930794.839999999850988 ], [ 470557.614000000059605, 5930803.207000000402331 ], [ 470605.657999999821186, 5930909.409 ], [ 470627.728000000119209, 5931009.437999999150634 ], [ 470637.707999999634922, 5931054.67 ], [ 470659.475999999791384, 5931404.001000000163913 ], [ 470636.24100000038743, 5931445.665999999269843 ], [ 470654.600999999791384, 5931622.176999999210238 ], [ 470977.362999999895692, 5931717.593000000342727 ], [ 471821.696000000461936, 5931967.196000000461936 ], [ 471822.328999999910593, 5931960.224999999627471 ], [ 471825.287999999709427, 5931927.640000000596046 ], [ 471829.299999999813735, 5931884.109999999403954 ], [ 471830.007000000216067, 5931874.829 ], [ 471828.57799999974668, 5931871.176999999210238 ], [ 471829.213000000454485, 5931867.526000000536442 ], [ 471830.459999999962747, 5931864.279999999329448 ], [ 471832.375, 5931862.525000000372529 ] ] ] ] } },
{ "type": "Feature", "properties": { "BEZ_BL": "Bremen", "SCH_BL": "04000000", "BEZ_KS": "Bremen", "SCH_KS": "04011000", "BEZ_SB": "Bremen-Mitte", "SCH_SB": "04011100", "BEZ_ST": "Häfen", "SCH_ST": "04011120", "SCH_ST_AGS": "040110000120", "FLAECHE": "7.704237657745438" }, "geometry": { "type": "MultiPolygon", "coordinates": [ [ [ [ 469559.839999999850988, 5938738.481000000610948 ], [ 469568.96999999973923, 5938735.371999999508262 ], [ 469581.535000000149012, 5938761.33500000089407 ], [ 469595.029000000096858, 5938776.177999999374151 ], [ 469605.506000000052154, 5938783.560000000521541 ], [ 469626.064000000245869, 5938793.403000000864267 ], [ 469639.796000000089407, 5938797.053999999538064 ], [ 469651.30599999986589, 5938797.76799999922514 ], [ 469676.230000000447035, 5938795.387000000104308 ], [ 469705.162999999709427, 5938779.792999999597669 ], [ 469629.700000000186265, 5938626.92 ], [ 469605.660000000149012, 5938583.660000000149012 ], [ 469575.839999999850988, 5938525.03999999910593 ], [ 469546.240000000223517, 5938463.109999999403954 ], [ 469536.753999999724329, 5938441.665999999269843 ], [ 469529.584999999962747, 5938431.790999999269843 ], [ 469521.790000000037253, 5938404.035000000149012 ], [ 469518.178000000305474, 5938377.039000000804663 ], [ 469518.367999999783933, 5938359.549000000581145 ], [ 469520.063000000081956, 5938345.007999999448657 ], [ 469551.207000000402331, 5938284.746999999508262 ], [ 469667.690000000409782, 5938064.910000000149012 ], [ 469779.540000000037253, 5937836.519999999552965 ], [ 470011.799999999813735, 5937358.410000000149012 ], [ 470025.122000000439584, 5937330.486999999731779 ], [ 470029.070000000298023, 5937321.853000000119209 ], [ 470034.950000000186265, 5937308.519999999552965 ], [ 470044.332000000402331, 5937302.426000000908971 ], [ 470052.269999999552965, 5937301.155999999493361 ], [ 470057.898000000044703, 5937302.447000000625849 ], [ 470945.599999999627471, 5937067.5 ], [ 471137.25, 5937017.21000000089407 ], [ 471140.889999999664724, 5937016.03999999910593 ], [ 471165.150000000372529, 5937107.900000000372529 ], [ 471198.75, 5937234.810000000521541 ], [ 471204.360000000335276, 5937251.990000000223517 ], [ 471204.370000000111759, 5937264.070000000298023 ], [ 471227.910000000149012, 5937258.21000000089407 ], [ 471239.240000000223517, 5937254.480000000447035 ], [ 471263.370000000111759, 5937247.910000000149012 ], [ 471318.330000000074506, 5937231.75 ], [ 471394.339999999850988, 5937209.259999999776483 ], [ 471442.769999999552965, 5937195.050000000745058 ], [ 471537.759999999776483, 5937166.949999999254942 ], [ 471549.330000000074506, 5937174.759999999776483 ], [ 471572.709999999962747, 5937142.550000000745058 ], [ 471603.839999999850988, 5937164.099999999627471 ], [ 471790.160000000149012, 5936883.070000000298023 ], [ 471828.480000000447035, 5936846.46000000089407 ], [ 471843.75, 5936833.96000000089407 ], [ 471882.71999999973923, 5936810.990000000223517 ], [ 471904.0, 5936801.410000000149012 ], [ 471918.389999999664724, 5936797.050000000745058 ], [ 471929.950000000186265, 5936796.509999999776483 ], [ 471943.230000000447035, 5936799.160000000149012 ], [ 471946.28000000026077, 5936785.199999999254942 ], [ 471966.497999999672174, 5936752.610999999567866 ], [ 471983.979000000283122, 5936740.435000000521541 ], [ 471970.083999999798834, 5936718.187999999150634 ], [ 471973.169999999925494, 5936699.089999999850988 ], [ 471989.379999999888241, 5936688.03999999910593 ], [ 471968.269999999552965, 5936649.490000000223517 ], [ 471946.040000000037253, 5936594.910000000149012 ], [ 471941.200000000186265, 5936567.679999999701977 ], [ 471921.330000000074506, 5936569.619999999180436 ], [ 471903.599999999627471, 5936560.759999999776483 ], [ 471856.599999999627471, 5936412.470000000670552 ], [ 471837.089999999850988, 5936343.800000000745058 ], [ 471861.620000000111759, 5936165.259999999776483 ], [ 471804.809999999590218, 5936168.980000000447035 ], [ 471790.950000000186265, 5936176.83 ], [ 471788.740000000223517, 5936178.46000000089407 ], [ 471712.445000000298023, 5935908.185000000521541 ], [ 471705.559999999590218, 5935890.179999999701977 ], [ 471676.78000000026077, 5935791.839999999850988 ], [ 471647.919999999925494, 5935692.359999999403954 ], [ 471629.740000000223517, 5935620.890000000596046 ], [ 471602.209999999962747, 5935525.490000000223517 ], [ 471579.790000000037253, 5935449.619999999180436 ], [ 471552.419999999925494, 5935351.949999999254942 ], [ 471526.839999999850988, 5935267.269999999552965 ], [ 471509.870000000111759, 5935206.869999999180436 ], [ 471504.959999999962747, 5935203.490000000223517 ], [ 471501.089999999850988, 5935199.71000000089407 ], [ 471492.669999999925494, 5935184.070000000298023 ], [ 471477.870000000111759, 5935143.619999999180436 ], [ 471468.940000000409782, 5935115.380000000819564 ], [ 471460.259999999776483, 5935091.720000000670552 ], [ 471458.46999999973923, 5935084.970000000670552 ], [ 471456.940000000409782, 5935077.589999999850988 ], [ 471456.03000000026077, 5935066.609999999403954 ], [ 471454.700000000186265, 5935062.300000000745058 ], [ 471436.791000000201166, 5935007.967000000178814 ], [ 471425.149000000208616, 5934990.505000000819564 ], [ 471352.917999999597669, 5934881.495999999344349 ], [ 471318.730000000447035, 5934843.269999999552965 ], [ 471311.377999999560416, 5934836.780999999493361 ], [ 471273.807000000029802, 5934809.265000000596046 ], [ 471256.769999999552965, 5934792.599999999627471 ], [ 471254.360000000335276, 5934789.740000000223517 ], [ 471257.629999999888241, 5934781.980000000447035 ], [ 471259.120000000111759, 5934775.429999999701977 ], [ 471260.349999999627471, 5934768.140000000596046 ], [ 471258.759999999776483, 5934767.779999999329448 ], [ 471262.110000000335276, 5934745.890000000596046 ], [ 471224.53000000026077, 5934740.519999999552965 ], [ 471219.950000000186265, 5934701.320000000298023 ], [ 471203.820000000298023, 5934703.599999999627471 ], [ 471176.379999999888241, 5934706.339999999850988 ], [ 471152.46999999973923, 5934706.400000000372529 ], [ 471135.099999999627471, 5934695.720000000670552 ], [ 471127.650000000372529, 5934684.720000000670552 ], [ 471123.410000000149012, 5934677.130000000819564 ], [ 471120.660000000149012, 5934666.089999999850988 ], [ 471119.419999999925494, 5934652.769999999552965 ], [ 471119.400000000372529, 5934631.300000000745058 ], [ 471121.559999999590218, 5934595.83 ], [ 471123.179999999701977, 5934556.810000000521541 ], [ 471123.96999999973923, 5934523.259999999776483 ], [ 471126.46999999973923, 5934445.349999999627471 ], [ 471126.900000000372529, 5934434.160000000149012 ], [ 471127.519999999552965, 5934414.849999999627471 ], [ 471131.049999999813735, 5934373.78999999910593 ], [ 471134.370000000111759, 5934338.939999999478459 ], [ 471136.269999999552965, 5934320.640000000596046 ], [ 471139.269999999552965, 5934296.849999999627471 ], [ 471143.46999999973923, 5934279.160000000149012 ], [ 471149.96999999973923, 5934262.339999999850988 ], [ 471157.959999999962747, 5934241.570000000298023 ], [ 471168.240000000223517, 5934221.03999999910593 ], [ 471197.0, 5934170.380000000819564 ], [ 471219.46999999973923, 5934129.929999999701977 ], [ 471246.71999999973923, 5934081.699999999254942 ], [ 471275.71999999973923, 5934029.140000000596046 ], [ 471312.25, 5933962.800000000745058 ], [ 471334.089999999850988, 5933923.75 ], [ 471416.080000000074506, 5933776.130000000819564 ], [ 471446.070000000298023, 5933721.269999999552965 ], [ 471448.815000000409782, 5933716.676999999210238 ], [ 471419.570000000298023, 5933701.859999999403954 ], [ 471390.309999999590218, 5933685.5 ], [ 471390.480000000447035, 5933681.949999999254942 ], [ 471393.379999999888241, 5933673.849999999627471 ], [ 471381.389999999664724, 5933666.320000000298023 ], [ 471365.419999999925494, 5933657.779999999329448 ], [ 471350.200000000186265, 5933648.550000000745058 ], [ 471337.410000000149012, 5933636.83 ], [ 471326.519999999552965, 5933628.859999999403954 ], [ 471322.169999999925494, 5933632.880000000819564 ], [ 471309.179999999701977, 5933618.679999999701977 ], [ 471270.059999999590218, 5933595.619999999180436 ], [ 471220.809999999590218, 5933567.660000000149012 ], [ 471224.179999999701977, 5933560.439999999478459 ], [ 471110.209999999962747, 5933497.53999999910593 ], [ 470962.708999999798834, 5933415.148 ], [ 470830.286999999545515, 5933653.742000000551343 ], [ 470710.793999999761581, 5933870.83 ], [ 470642.537999999709427, 5933992.795 ], [ 470604.451999999582767, 5934061.776000000536442 ], [ 470541.611999999731779, 5934175.154999999329448 ], [ 470472.58600000012666, 5934299.820000000298023 ], [ 470322.763000000268221, 5934569.740000000223517 ], [ 470264.110999999567866, 5934675.879000000655651 ], [ 470142.49100000038743, 5934895.153999999165535 ], [ 470081.754999999888241, 5935004.717000000178814 ], [ 469981.139000000432134, 5935186.559000000357628 ], [ 469937.464999999850988, 5935265.091 ], [ 469837.882000000216067, 5935444.770999999716878 ], [ 469792.808000000193715, 5935525.860999999567866 ], [ 469787.417000000365078, 5935535.821000000461936 ], [ 469714.848000000230968, 5935666.684000000357628 ], [ 469660.21999999973923, 5935765.753000000491738 ], [ 469542.205000000074506, 5935979.054999999701977 ], [ 468354.860000000335276, 5938120.237999999895692 ], [ 468378.790000000037253, 5938137.764000000432134 ], [ 468435.298000000417233, 5938177.860999999567866 ], [ 468740.870000000111759, 5938389.490000000223517 ], [ 468957.49199999962002, 5938534.118000000715256 ], [ 469004.302000000141561, 5938565.414000000804663 ], [ 469013.0, 5938570.990000000223517 ], [ 469234.110000000335276, 5938724.42 ], [ 469276.0, 5938754.199999999254942 ], [ 469306.78000000026077, 5938783.630000000819564 ], [ 469336.929999999701977, 5938827.160000000149012 ], [ 469370.080000000074506, 5938894.060000000521541 ], [ 469383.810999999754131, 5938927.398 ], [ 469390.299999999813735, 5938941.939999999478459 ], [ 469455.86699999962002, 5938913.731000000610948 ], [ 469485.436999999918044, 5938904.810000000521541 ], [ 469490.675999999977648, 5938900.048000000417233 ], [ 469536.63399999961257, 5938884.332000000402331 ], [ 469596.012000000104308, 5938844.269999999552965 ], [ 469598.608, 5938841.779999999329448 ], [ 469600.673999999649823, 5938838.653999999165535 ], [ 469601.839999999850988, 5938835.899000000208616 ], [ 469601.734000000171363, 5938833.992000000551343 ], [ 469602.264000000432134, 5938830.494999999180436 ], [ 469602.052000000141561, 5938826.204 ], [ 469599.504999999888241, 5938816.99100000038743 ], [ 469593.353000000119209, 5938807.746999999508262 ], [ 469574.936999999918044, 5938792.188999999314547 ], [ 469562.872000000439584, 5938776.948999999091029 ], [ 469554.934999999590218, 5938763.614 ], [ 469545.885999999940395, 5938742.975999999791384 ], [ 469559.839999999850988, 5938738.481000000610948 ] ] ] ] } }
]
}
